Any,Indicador,Nom_Equipament,Valor,Notes_Dades,Notes_Equipament,Codi_Districte,Nom_Districte,Codi_Barri,Nom_Barri,Titularitat,Tipus_Us,Tipus_Equipament,Ambit,Latitud,Longitud
2022,Assistents_Activitats,"Biblioteca Barceloneta - La Fraternitat",335,,,01,"Ciutat Vella",03,"la Barceloneta","Ajuntament de Barcelona","Biblioteques de Barcelona","Biblioteques de Barcelona",Lletres,41.379201005,2.188854072
2022,Assistents_Activitats,"Biblioteca Francesca Bonnemaison",2191,,,01,"Ciutat Vella",04,"Sant Pere, Santa Caterina i la Ribera","Ajuntament de Barcelona","Biblioteques de Barcelona","Biblioteques de Barcelona",Lletres,41.386936575,2.175789976
2022,Assistents_Activitats,"Biblioteca Gòtic - Andreu Nin",1352,,,01,"Ciutat Vella",02,"el Barri Gòtic","Ajuntament de Barcelona","Biblioteques de Barcelona","Biblioteques de Barcelona",Lletres,41.378730324,2.175978504
2022,Assistents_Activitats,"Biblioteca Sant Pau - Santa Creu",645,,,01,"Ciutat Vella",01,"el Raval","Ajuntament de Barcelona","Biblioteques de Barcelona","Biblioteques de Barcelona",Lletres,41.381057326,2.169793857
2022,Assistents_Activitats,"Biblioteca Esquerra de l'Eixample - Agustí Centelles",4283,,,02,Eixample,09,"la Nova Esquerra de l'Eixample","Ajuntament de Barcelona","Biblioteques de Barcelona","Biblioteques de Barcelona",Lletres,41.3864488,2.1527896
2022,Assistents_Activitats,"Biblioteca Fort Pienc",822,,,02,Eixample,05,"el Fort Pienc","Ajuntament de Barcelona","Biblioteques de Barcelona","Biblioteques de Barcelona",Lletres,41.395555185,2.182447586
2022,Assistents_Activitats,"Biblioteca Joan Miró",692,,,02,Eixample,09,"la Nova Esquerra de l'Eixample","Ajuntament de Barcelona","Biblioteques de Barcelona","Biblioteques de Barcelona",Lletres,41.378816801,2.149230361
2022,Assistents_Activitats,"Biblioteca Sagrada Família - J. M. Ainaud de Lasarte",931,,,02,Eixample,06,"la Sagrada Família","Ajuntament de Barcelona","Biblioteques de Barcelona","Biblioteques de Barcelona",Lletres,41.4055771,2.176118
2022,Assistents_Activitats,"Biblioteca Sant Antoni - Joan Oliver",950,,,02,Eixample,10,"Sant Antoni","Ajuntament de Barcelona","Biblioteques de Barcelona","Biblioteques de Barcelona",Lletres,41.377384776,2.162778079
2022,Assistents_Activitats,"Biblioteca Sofia Barat",718,,,02,Eixample,07,"la Dreta de l'Eixample","Ajuntament de Barcelona","Biblioteques de Barcelona","Biblioteques de Barcelona",Lletres,41.394674294,2.171504480
2022,Assistents_Activitats,"Biblioteca Jaume Fuster",2703,,,06,Gràcia,28,"Vallcarca i els Penitents","Ajuntament de Barcelona","Biblioteques de Barcelona","Biblioteques de Barcelona",Lletres,41.407459888,2.149757498
2022,Assistents_Activitats,"Biblioteca Vallcarca i els Penitents - M. Antonieta Cot",965,,,06,Gràcia,28,"Vallcarca i els Penitents","Ajuntament de Barcelona","Biblioteques de Barcelona","Biblioteques de Barcelona",Lletres,41.420008234,2.139657303
2022,Assistents_Activitats,"Biblioteca Vila de Gràcia",2027,,,06,Gràcia,31,"la Vila de Gràcia","Ajuntament de Barcelona","Biblioteques de Barcelona","Biblioteques de Barcelona",Lletres,41.401467067,2.158213802
2022,Assistents_Activitats,"Biblioteca El Carmel - Juan Marsé",2268,,,07,Horta-Guinardó,37,"el Carmel","Ajuntament de Barcelona","Biblioteques de Barcelona","Biblioteques de Barcelona",Lletres,41.421104560,2.155286623
2022,Assistents_Activitats,"Biblioteca Guinardó - Mercè Rodoreda",1691,,,07,Horta-Guinardó,33,"el Baix Guinardó","Ajuntament de Barcelona","Biblioteques de Barcelona","Biblioteques de Barcelona",Lletres,41.414313258,2.165318095
2022,Assistents_Activitats,"Biblioteca Horta - Can Mariner",2013,,,07,Horta-Guinardó,43,Horta,"Ajuntament de Barcelona","Biblioteques de Barcelona","Biblioteques de Barcelona",Lletres,41.431105502,2.160733590
2022,Assistents_Activitats,"Biblioteca Montbau - Albert Pérez Baró",1017,,,07,Horta-Guinardó,40,Montbau,"Ajuntament de Barcelona","Biblioteques de Barcelona","Biblioteques de Barcelona",Lletres,41.429553532,2.142195427
2022,Assistents_Activitats,"Biblioteca Les Corts - Miquel Llongueras",963,,,04,"Les Corts",20,"la Maternitat i Sant Ramon","Ajuntament de Barcelona","Biblioteques de Barcelona","Biblioteques de Barcelona",Lletres,41.377777960,2.121760828
2022,Assistents_Activitats,"Biblioteca Montserrat Abelló",2090,,"Biblioteca inaugurada el 26 de gener de 2018.",04,"Les Corts",19,"les Corts","Ajuntament de Barcelona","Biblioteques de Barcelona","Biblioteques de Barcelona",Lletres,41.383722,2.1352722
2022,Assistents_Activitats,"Biblioteca Canyelles",1047,,,08,"Nou Barris",49,Canyelles,"Ajuntament de Barcelona","Biblioteques de Barcelona","Biblioteques de Barcelona",Lletres,41.443773486,2.164322669
2022,Assistents_Activitats,"Biblioteca Les Roquetes - Rafa Juncadella",1714,,,08,"Nou Barris",50,"les Roquetes","Ajuntament de Barcelona","Biblioteques de Barcelona","Biblioteques de Barcelona",Lletres,41.445371792,2.177103706
2022,Assistents_Activitats,"Biblioteca Nou Barris",1740,,,08,"Nou Barris",48,"la Guineueta","Ajuntament de Barcelona","Biblioteques de Barcelona","Biblioteques de Barcelona",Lletres,41.436813681,2.171212448
2022,Assistents_Activitats,"Biblioteca Vilapicina i la Torre Llobeta",1362,,,08,"Nou Barris",44,"Vilapicina i la Torre Llobeta","Ajuntament de Barcelona","Biblioteques de Barcelona","Biblioteques de Barcelona",Lletres,41.426885098,2.176452383
2022,Assistents_Activitats,"Biblioteca Zona Nord",2356,,,08,"Nou Barris",54,"Torre Baró","Ajuntament de Barcelona","Biblioteques de Barcelona","Biblioteques de Barcelona",Lletres,41.461237425,2.179875786
2022,Assistents_Activitats,"Biblioteca Bon Pastor",5681,,,09,"Sant Andreu",59,"el Bon Pastor","Ajuntament de Barcelona","Biblioteques de Barcelona","Biblioteques de Barcelona",Lletres,41.435164144,2.204659876
2022,Assistents_Activitats,"Biblioteca Ignasi Iglésias - Can Fabra",9320,,,09,"Sant Andreu",60,"Sant Andreu","Ajuntament de Barcelona","Biblioteques de Barcelona","Biblioteques de Barcelona",Lletres,41.434481450,2.190871493
2022,Assistents_Activitats,"Biblioteca La Sagrera - Marina Clotet",2639,,,09,"Sant Andreu",61,"la Sagrera","Ajuntament de Barcelona","Biblioteques de Barcelona","Biblioteques de Barcelona",Lletres,41.425875519,2.193764263
2022,Assistents_Activitats,"Biblioteca Trinitat Vella - José Barbero",1083,,,09,"Sant Andreu",57,"la Trinitat Vella","Ajuntament de Barcelona","Biblioteques de Barcelona","Biblioteques de Barcelona",Lletres,41.449283144,2.190748711
2022,Assistents_Activitats,"Biblioteca Camp de l'Arpa - Caterina Albert",1519,,,10,"Sant Martí",64,"el Camp de l'Arpa del Clot","Ajuntament de Barcelona","Biblioteques de Barcelona","Biblioteques de Barcelona",Lletres,41.415766234,2.182280785
2022,Assistents_Activitats,"Biblioteca El Clot - Josep Benet",1732,,,10,"Sant Martí",66,"el Parc i la Llacuna del Poblenou","Ajuntament de Barcelona","Biblioteques de Barcelona","Biblioteques de Barcelona",Lletres,41.4019532,2.188806
2022,Assistents_Activitats,"Biblioteca Gabriel García Márquez",2514,,"Biblioteca inaugurada la primavera de 2022 en substitució de la Biblioteca Sant Martí de Provençals, tancada definitivament el desembre de 2021.",10,"Sant Martí",72,"Sant Martí de Provençals","Ajuntament de Barcelona","Biblioteques de Barcelona","Biblioteques de Barcelona",Lletres,41.417120,2.200328
2022,Assistents_Activitats,"Biblioteca Poblenou - Manuel Arranz",989,,,10,"Sant Martí",68,"el Poblenou","Ajuntament de Barcelona","Biblioteques de Barcelona","Biblioteques de Barcelona",Lletres,41.401373426,2.204525705
2022,Assistents_Activitats,"Biblioteca Ramon d'Alòs-Moner",458,,,10,"Sant Martí",70,"el Besòs i el Maresme","Ajuntament de Barcelona","Biblioteques de Barcelona","Biblioteques de Barcelona",Lletres,41.416309274,2.211483280
2022,Assistents_Activitats,"Biblioteca Xavier Benguerel",922,,,10,"Sant Martí",67,"la Vila Olímpica del Poblenou","Ajuntament de Barcelona","Biblioteques de Barcelona","Biblioteques de Barcelona",Lletres,41.392407385,2.197710107
2022,Assistents_Activitats,"Biblioteca Francesc Candel",1572,,,03,Sants-Montjuïc,13,"la Marina de Port","Ajuntament de Barcelona","Biblioteques de Barcelona","Biblioteques de Barcelona",Lletres,41.361777512,2.136276613
2022,Assistents_Activitats,"Biblioteca Poble Sec - Francesc Boix",977,,,03,Sants-Montjuïc,11,"el Poble Sec","Ajuntament de Barcelona","Biblioteques de Barcelona","Biblioteques de Barcelona",Lletres,41.373921824,2.164025015
2022,Assistents_Activitats,"Biblioteca Vapor Vell",2263,,,03,Sants-Montjuïc,18,Sants,"Ajuntament de Barcelona","Biblioteques de Barcelona","Biblioteques de Barcelona",Lletres,41.376897256,2.134733614
2022,Assistents_Activitats,"Biblioteca Clarà",722,,,05,"Sarrià-Sant Gervasi",24,"les Tres Torres","Ajuntament de Barcelona","Biblioteques de Barcelona","Biblioteques de Barcelona",Lletres,41.399909399,2.129455802
2022,Assistents_Activitats,"Biblioteca Collserola - Josep Miracle",1885,,,05,"Sarrià-Sant Gervasi",22,"Vallvidrera, el Tibidabo i les Planes","Ajuntament de Barcelona","Biblioteques de Barcelona","Biblioteques de Barcelona",Lletres,41.415359022,2.102528700
2022,Assistents_Activitats,"Biblioteca Sant Gervasi - Joan Maragall",1661,,,05,"Sarrià-Sant Gervasi",25,"Sant Gervasi - la Bonanova","Ajuntament de Barcelona","Biblioteques de Barcelona","Biblioteques de Barcelona",Lletres,41.4059495,2.136064
2022,Assistents_Visites_Escolars,"Biblioteca Barceloneta - La Fraternitat",1556,,,01,"Ciutat Vella",03,"la Barceloneta","Ajuntament de Barcelona","Biblioteques de Barcelona","Biblioteques de Barcelona",Lletres,41.379201005,2.188854072
2022,Assistents_Visites_Escolars,"Biblioteca Francesca Bonnemaison",3789,,,01,"Ciutat Vella",04,"Sant Pere, Santa Caterina i la Ribera","Ajuntament de Barcelona","Biblioteques de Barcelona","Biblioteques de Barcelona",Lletres,41.386936575,2.175789976
2022,Assistents_Visites_Escolars,"Biblioteca Gòtic - Andreu Nin",2668,,,01,"Ciutat Vella",02,"el Barri Gòtic","Ajuntament de Barcelona","Biblioteques de Barcelona","Biblioteques de Barcelona",Lletres,41.378730324,2.175978504
2022,Assistents_Visites_Escolars,"Biblioteca Sant Pau - Santa Creu",2914,,,01,"Ciutat Vella",01,"el Raval","Ajuntament de Barcelona","Biblioteques de Barcelona","Biblioteques de Barcelona",Lletres,41.381057326,2.169793857
2022,Assistents_Visites_Escolars,"Biblioteca Esquerra de l'Eixample - Agustí Centelles",1561,,,02,Eixample,09,"la Nova Esquerra de l'Eixample","Ajuntament de Barcelona","Biblioteques de Barcelona","Biblioteques de Barcelona",Lletres,41.3864488,2.1527896
2022,Assistents_Visites_Escolars,"Biblioteca Fort Pienc",1980,,,02,Eixample,05,"el Fort Pienc","Ajuntament de Barcelona","Biblioteques de Barcelona","Biblioteques de Barcelona",Lletres,41.395555185,2.182447586
2022,Assistents_Visites_Escolars,"Biblioteca Joan Miró",1767,,,02,Eixample,09,"la Nova Esquerra de l'Eixample","Ajuntament de Barcelona","Biblioteques de Barcelona","Biblioteques de Barcelona",Lletres,41.378816801,2.149230361
2022,Assistents_Visites_Escolars,"Biblioteca Sagrada Família - J. M. Ainaud de Lasarte",1470,,,02,Eixample,06,"la Sagrada Família","Ajuntament de Barcelona","Biblioteques de Barcelona","Biblioteques de Barcelona",Lletres,41.4055771,2.176118
2022,Assistents_Visites_Escolars,"Biblioteca Sant Antoni - Joan Oliver",1488,,,02,Eixample,10,"Sant Antoni","Ajuntament de Barcelona","Biblioteques de Barcelona","Biblioteques de Barcelona",Lletres,41.377384776,2.162778079
2022,Assistents_Visites_Escolars,"Biblioteca Sofia Barat",1457,,,02,Eixample,07,"la Dreta de l'Eixample","Ajuntament de Barcelona","Biblioteques de Barcelona","Biblioteques de Barcelona",Lletres,41.394674294,2.171504480
2022,Assistents_Visites_Escolars,"Biblioteca Jaume Fuster",2550,,,06,Gràcia,28,"Vallcarca i els Penitents","Ajuntament de Barcelona","Biblioteques de Barcelona","Biblioteques de Barcelona",Lletres,41.407459888,2.149757498
2022,Assistents_Visites_Escolars,"Biblioteca Vallcarca i els Penitents - M. Antonieta Cot",788,,,06,Gràcia,28,"Vallcarca i els Penitents","Ajuntament de Barcelona","Biblioteques de Barcelona","Biblioteques de Barcelona",Lletres,41.420008234,2.139657303
2022,Assistents_Visites_Escolars,"Biblioteca Vila de Gràcia",907,,,06,Gràcia,31,"la Vila de Gràcia","Ajuntament de Barcelona","Biblioteques de Barcelona","Biblioteques de Barcelona",Lletres,41.401467067,2.158213802
2022,Assistents_Visites_Escolars,"Biblioteca El Carmel - Juan Marsé",2011,,,07,Horta-Guinardó,37,"el Carmel","Ajuntament de Barcelona","Biblioteques de Barcelona","Biblioteques de Barcelona",Lletres,41.421104560,2.155286623
2022,Assistents_Visites_Escolars,"Biblioteca Guinardó - Mercè Rodoreda",1027,,,07,Horta-Guinardó,33,"el Baix Guinardó","Ajuntament de Barcelona","Biblioteques de Barcelona","Biblioteques de Barcelona",Lletres,41.414313258,2.165318095
2022,Assistents_Visites_Escolars,"Biblioteca Horta - Can Mariner",730,,,07,Horta-Guinardó,43,Horta,"Ajuntament de Barcelona","Biblioteques de Barcelona","Biblioteques de Barcelona",Lletres,41.431105502,2.160733590
2022,Assistents_Visites_Escolars,"Biblioteca Montbau - Albert Pérez Baró",250,,,07,Horta-Guinardó,40,Montbau,"Ajuntament de Barcelona","Biblioteques de Barcelona","Biblioteques de Barcelona",Lletres,41.429553532,2.142195427
2022,Assistents_Visites_Escolars,"Biblioteca Les Corts - Miquel Llongueras",754,,,04,"Les Corts",20,"la Maternitat i Sant Ramon","Ajuntament de Barcelona","Biblioteques de Barcelona","Biblioteques de Barcelona",Lletres,41.377777960,2.121760828
2022,Assistents_Visites_Escolars,"Biblioteca Montserrat Abelló",1946,,"Biblioteca inaugurada el 26 de gener de 2018.",04,"Les Corts",19,"les Corts","Ajuntament de Barcelona","Biblioteques de Barcelona","Biblioteques de Barcelona",Lletres,41.383722,2.1352722
2022,Assistents_Visites_Escolars,"Biblioteca Canyelles",408,,,08,"Nou Barris",49,Canyelles,"Ajuntament de Barcelona","Biblioteques de Barcelona","Biblioteques de Barcelona",Lletres,41.443773486,2.164322669
2022,Assistents_Visites_Escolars,"Biblioteca Les Roquetes - Rafa Juncadella",1623,,,08,"Nou Barris",50,"les Roquetes","Ajuntament de Barcelona","Biblioteques de Barcelona","Biblioteques de Barcelona",Lletres,41.445371792,2.177103706
2022,Assistents_Visites_Escolars,"Biblioteca Nou Barris",2161,,,08,"Nou Barris",48,"la Guineueta","Ajuntament de Barcelona","Biblioteques de Barcelona","Biblioteques de Barcelona",Lletres,41.436813681,2.171212448
2022,Assistents_Visites_Escolars,"Biblioteca Vilapicina i la Torre Llobeta",682,,,08,"Nou Barris",44,"Vilapicina i la Torre Llobeta","Ajuntament de Barcelona","Biblioteques de Barcelona","Biblioteques de Barcelona",Lletres,41.426885098,2.176452383
2022,Assistents_Visites_Escolars,"Biblioteca Zona Nord",3611,,,08,"Nou Barris",54,"Torre Baró","Ajuntament de Barcelona","Biblioteques de Barcelona","Biblioteques de Barcelona",Lletres,41.461237425,2.179875786
2022,Assistents_Visites_Escolars,"Biblioteca Bon Pastor",3338,,,09,"Sant Andreu",59,"el Bon Pastor","Ajuntament de Barcelona","Biblioteques de Barcelona","Biblioteques de Barcelona",Lletres,41.435164144,2.204659876
2022,Assistents_Visites_Escolars,"Biblioteca Ignasi Iglésias - Can Fabra",4021,,,09,"Sant Andreu",60,"Sant Andreu","Ajuntament de Barcelona","Biblioteques de Barcelona","Biblioteques de Barcelona",Lletres,41.434481450,2.190871493
2022,Assistents_Visites_Escolars,"Biblioteca La Sagrera - Marina Clotet",2419,,,09,"Sant Andreu",61,"la Sagrera","Ajuntament de Barcelona","Biblioteques de Barcelona","Biblioteques de Barcelona",Lletres,41.425875519,2.193764263
2022,Assistents_Visites_Escolars,"Biblioteca Trinitat Vella - José Barbero",903,,,09,"Sant Andreu",57,"la Trinitat Vella","Ajuntament de Barcelona","Biblioteques de Barcelona","Biblioteques de Barcelona",Lletres,41.449283144,2.190748711
2022,Assistents_Visites_Escolars,"Biblioteca Camp de l'Arpa - Caterina Albert",1994,,,10,"Sant Martí",64,"el Camp de l'Arpa del Clot","Ajuntament de Barcelona","Biblioteques de Barcelona","Biblioteques de Barcelona",Lletres,41.415766234,2.182280785
2022,Assistents_Visites_Escolars,"Biblioteca El Clot - Josep Benet",1416,,,10,"Sant Martí",66,"el Parc i la Llacuna del Poblenou","Ajuntament de Barcelona","Biblioteques de Barcelona","Biblioteques de Barcelona",Lletres,41.4019532,2.188806
2022,Assistents_Visites_Escolars,"Biblioteca Gabriel García Márquez",1168,,"Biblioteca inaugurada la primavera de 2022 en substitució de la Biblioteca Sant Martí de Provençals, tancada definitivament el desembre de 2021.",10,"Sant Martí",72,"Sant Martí de Provençals","Ajuntament de Barcelona","Biblioteques de Barcelona","Biblioteques de Barcelona",Lletres,41.417120,2.200328
2022,Assistents_Visites_Escolars,"Biblioteca Poblenou - Manuel Arranz",1174,,,10,"Sant Martí",68,"el Poblenou","Ajuntament de Barcelona","Biblioteques de Barcelona","Biblioteques de Barcelona",Lletres,41.401373426,2.204525705
2022,Assistents_Visites_Escolars,"Biblioteca Ramon d'Alòs-Moner",506,,,10,"Sant Martí",70,"el Besòs i el Maresme","Ajuntament de Barcelona","Biblioteques de Barcelona","Biblioteques de Barcelona",Lletres,41.416309274,2.211483280
2022,Assistents_Visites_Escolars,"Biblioteca Xavier Benguerel",1612,,,10,"Sant Martí",67,"la Vila Olímpica del Poblenou","Ajuntament de Barcelona","Biblioteques de Barcelona","Biblioteques de Barcelona",Lletres,41.392407385,2.197710107
2022,Assistents_Visites_Escolars,"Biblioteca Francesc Candel",1701,,,03,Sants-Montjuïc,13,"la Marina de Port","Ajuntament de Barcelona","Biblioteques de Barcelona","Biblioteques de Barcelona",Lletres,41.361777512,2.136276613
2022,Assistents_Visites_Escolars,"Biblioteca Poble Sec - Francesc Boix",524,,,03,Sants-Montjuïc,11,"el Poble Sec","Ajuntament de Barcelona","Biblioteques de Barcelona","Biblioteques de Barcelona",Lletres,41.373921824,2.164025015
2022,Assistents_Visites_Escolars,"Biblioteca Vapor Vell",1222,,,03,Sants-Montjuïc,18,Sants,"Ajuntament de Barcelona","Biblioteques de Barcelona","Biblioteques de Barcelona",Lletres,41.376897256,2.134733614
2022,Assistents_Visites_Escolars,"Biblioteca Clarà",469,,,05,"Sarrià-Sant Gervasi",24,"les Tres Torres","Ajuntament de Barcelona","Biblioteques de Barcelona","Biblioteques de Barcelona",Lletres,41.399909399,2.129455802
2022,Assistents_Visites_Escolars,"Biblioteca Collserola - Josep Miracle",480,,,05,"Sarrià-Sant Gervasi",22,"Vallvidrera, el Tibidabo i les Planes","Ajuntament de Barcelona","Biblioteques de Barcelona","Biblioteques de Barcelona",Lletres,41.415359022,2.102528700
2022,Assistents_Visites_Escolars,"Biblioteca Sant Gervasi - Joan Maragall",773,,,05,"Sarrià-Sant Gervasi",25,"Sant Gervasi - la Bonanova","Ajuntament de Barcelona","Biblioteques de Barcelona","Biblioteques de Barcelona",Lletres,41.4059495,2.136064
2022,Fons_Documentals,"Biblioteca Barceloneta - La Fraternitat",41527,,,01,"Ciutat Vella",03,"la Barceloneta","Ajuntament de Barcelona","Biblioteques de Barcelona","Biblioteques de Barcelona",Lletres,41.379201005,2.188854072
2022,Fons_Documentals,"Biblioteca Francesca Bonnemaison",74936,,,01,"Ciutat Vella",04,"Sant Pere, Santa Caterina i la Ribera","Ajuntament de Barcelona","Biblioteques de Barcelona","Biblioteques de Barcelona",Lletres,41.386936575,2.175789976
2022,Fons_Documentals,"Biblioteca Gòtic - Andreu Nin",45926,,,01,"Ciutat Vella",02,"el Barri Gòtic","Ajuntament de Barcelona","Biblioteques de Barcelona","Biblioteques de Barcelona",Lletres,41.378730324,2.175978504
2022,Fons_Documentals,"Biblioteca Sant Pau - Santa Creu",63582,,,01,"Ciutat Vella",01,"el Raval","Ajuntament de Barcelona","Biblioteques de Barcelona","Biblioteques de Barcelona",Lletres,41.381057326,2.169793857
2022,Fons_Documentals,"Biblioteca Esquerra de l'Eixample - Agustí Centelles",88152,,,02,Eixample,09,"la Nova Esquerra de l'Eixample","Ajuntament de Barcelona","Biblioteques de Barcelona","Biblioteques de Barcelona",Lletres,41.3864488,2.1527896
2022,Fons_Documentals,"Biblioteca Fort Pienc",55487,,,02,Eixample,05,"el Fort Pienc","Ajuntament de Barcelona","Biblioteques de Barcelona","Biblioteques de Barcelona",Lletres,41.395555185,2.182447586
2022,Fons_Documentals,"Biblioteca Joan Miró",57745,,,02,Eixample,09,"la Nova Esquerra de l'Eixample","Ajuntament de Barcelona","Biblioteques de Barcelona","Biblioteques de Barcelona",Lletres,41.378816801,2.149230361
2022,Fons_Documentals,"Biblioteca Sagrada Família - J. M. Ainaud de Lasarte",86079,,,02,Eixample,06,"la Sagrada Família","Ajuntament de Barcelona","Biblioteques de Barcelona","Biblioteques de Barcelona",Lletres,41.4055771,2.176118
2022,Fons_Documentals,"Biblioteca Sant Antoni - Joan Oliver",39742,,,02,Eixample,10,"Sant Antoni","Ajuntament de Barcelona","Biblioteques de Barcelona","Biblioteques de Barcelona",Lletres,41.377384776,2.162778079
2022,Fons_Documentals,"Biblioteca Sofia Barat",31161,,,02,Eixample,07,"la Dreta de l'Eixample","Ajuntament de Barcelona","Biblioteques de Barcelona","Biblioteques de Barcelona",Lletres,41.394674294,2.171504480
2022,Fons_Documentals,"Biblioteca Jaume Fuster",113238,,,06,Gràcia,28,"Vallcarca i els Penitents","Ajuntament de Barcelona","Biblioteques de Barcelona","Biblioteques de Barcelona",Lletres,41.407459888,2.149757498
2022,Fons_Documentals,"Biblioteca Vallcarca i els Penitents - M. Antonieta Cot",36766,,,06,Gràcia,28,"Vallcarca i els Penitents","Ajuntament de Barcelona","Biblioteques de Barcelona","Biblioteques de Barcelona",Lletres,41.420008234,2.139657303
2022,Fons_Documentals,"Biblioteca Vila de Gràcia",45670,,,06,Gràcia,31,"la Vila de Gràcia","Ajuntament de Barcelona","Biblioteques de Barcelona","Biblioteques de Barcelona",Lletres,41.401467067,2.158213802
2022,Fons_Documentals,"Biblioteca El Carmel - Juan Marsé",91198,,,07,Horta-Guinardó,37,"el Carmel","Ajuntament de Barcelona","Biblioteques de Barcelona","Biblioteques de Barcelona",Lletres,41.421104560,2.155286623
2022,Fons_Documentals,"Biblioteca Guinardó - Mercè Rodoreda",83283,,,07,Horta-Guinardó,33,"el Baix Guinardó","Ajuntament de Barcelona","Biblioteques de Barcelona","Biblioteques de Barcelona",Lletres,41.414313258,2.165318095
2022,Fons_Documentals,"Biblioteca Horta - Can Mariner",54977,,,07,Horta-Guinardó,43,Horta,"Ajuntament de Barcelona","Biblioteques de Barcelona","Biblioteques de Barcelona",Lletres,41.431105502,2.160733590
2022,Fons_Documentals,"Biblioteca Montbau - Albert Pérez Baró",33860,,,07,Horta-Guinardó,40,Montbau,"Ajuntament de Barcelona","Biblioteques de Barcelona","Biblioteques de Barcelona",Lletres,41.429553532,2.142195427
2022,Fons_Documentals,"Biblioteca Les Corts - Miquel Llongueras",55912,,,04,"Les Corts",20,"la Maternitat i Sant Ramon","Ajuntament de Barcelona","Biblioteques de Barcelona","Biblioteques de Barcelona",Lletres,41.377777960,2.121760828
2022,Fons_Documentals,"Biblioteca Montserrat Abelló",56826,,"Biblioteca inaugurada el 26 de gener de 2018.",04,"Les Corts",19,"les Corts","Ajuntament de Barcelona","Biblioteques de Barcelona","Biblioteques de Barcelona",Lletres,41.383722,2.1352722
2022,Fons_Documentals,"Biblioteca Canyelles",29206,,,08,"Nou Barris",49,Canyelles,"Ajuntament de Barcelona","Biblioteques de Barcelona","Biblioteques de Barcelona",Lletres,41.443773486,2.164322669
2022,Fons_Documentals,"Biblioteca Les Roquetes - Rafa Juncadella",38881,,,08,"Nou Barris",50,"les Roquetes","Ajuntament de Barcelona","Biblioteques de Barcelona","Biblioteques de Barcelona",Lletres,41.445371792,2.177103706
2022,Fons_Documentals,"Biblioteca Nou Barris",70824,,,08,"Nou Barris",48,"la Guineueta","Ajuntament de Barcelona","Biblioteques de Barcelona","Biblioteques de Barcelona",Lletres,41.436813681,2.171212448
2022,Fons_Documentals,"Biblioteca Vilapicina i la Torre Llobeta",48098,,,08,"Nou Barris",44,"Vilapicina i la Torre Llobeta","Ajuntament de Barcelona","Biblioteques de Barcelona","Biblioteques de Barcelona",Lletres,41.426885098,2.176452383
2022,Fons_Documentals,"Biblioteca Zona Nord",38717,,,08,"Nou Barris",54,"Torre Baró","Ajuntament de Barcelona","Biblioteques de Barcelona","Biblioteques de Barcelona",Lletres,41.461237425,2.179875786
2022,Fons_Documentals,"Biblioteca Bon Pastor",44459,,,09,"Sant Andreu",59,"el Bon Pastor","Ajuntament de Barcelona","Biblioteques de Barcelona","Biblioteques de Barcelona",Lletres,41.435164144,2.204659876
2022,Fons_Documentals,"Biblioteca Ignasi Iglésias - Can Fabra",129271,,,09,"Sant Andreu",60,"Sant Andreu","Ajuntament de Barcelona","Biblioteques de Barcelona","Biblioteques de Barcelona",Lletres,41.434481450,2.190871493
2022,Fons_Documentals,"Biblioteca La Sagrera - Marina Clotet",48016,,,09,"Sant Andreu",61,"la Sagrera","Ajuntament de Barcelona","Biblioteques de Barcelona","Biblioteques de Barcelona",Lletres,41.425875519,2.193764263
2022,Fons_Documentals,"Biblioteca Trinitat Vella - José Barbero",25255,,,09,"Sant Andreu",57,"la Trinitat Vella","Ajuntament de Barcelona","Biblioteques de Barcelona","Biblioteques de Barcelona",Lletres,41.449283144,2.190748711
2022,Fons_Documentals,"Biblioteca Camp de l'Arpa - Caterina Albert",59677,,,10,"Sant Martí",64,"el Camp de l'Arpa del Clot","Ajuntament de Barcelona","Biblioteques de Barcelona","Biblioteques de Barcelona",Lletres,41.415766234,2.182280785
2022,Fons_Documentals,"Biblioteca El Clot - Josep Benet",51464,,,10,"Sant Martí",66,"el Parc i la Llacuna del Poblenou","Ajuntament de Barcelona","Biblioteques de Barcelona","Biblioteques de Barcelona",Lletres,41.4019532,2.188806
2022,Fons_Documentals,"Biblioteca Gabriel García Márquez",37975,,"Biblioteca inaugurada la primavera de 2022 en substitució de la Biblioteca Sant Martí de Provençals, tancada definitivament el desembre de 2021.",10,"Sant Martí",72,"Sant Martí de Provençals","Ajuntament de Barcelona","Biblioteques de Barcelona","Biblioteques de Barcelona",Lletres,41.417120,2.200328
2022,Fons_Documentals,"Biblioteca Poblenou - Manuel Arranz",57582,,,10,"Sant Martí",68,"el Poblenou","Ajuntament de Barcelona","Biblioteques de Barcelona","Biblioteques de Barcelona",Lletres,41.401373426,2.204525705
2022,Fons_Documentals,"Biblioteca Ramon d'Alòs-Moner",30716,,,10,"Sant Martí",70,"el Besòs i el Maresme","Ajuntament de Barcelona","Biblioteques de Barcelona","Biblioteques de Barcelona",Lletres,41.416309274,2.211483280
2022,Fons_Documentals,"Biblioteca Xavier Benguerel",125980,,,10,"Sant Martí",67,"la Vila Olímpica del Poblenou","Ajuntament de Barcelona","Biblioteques de Barcelona","Biblioteques de Barcelona",Lletres,41.392407385,2.197710107
2022,Fons_Documentals,"Biblioteca Francesc Candel",61621,,,03,Sants-Montjuïc,13,"la Marina de Port","Ajuntament de Barcelona","Biblioteques de Barcelona","Biblioteques de Barcelona",Lletres,41.361777512,2.136276613
2022,Fons_Documentals,"Biblioteca Poble Sec - Francesc Boix",37323,,,03,Sants-Montjuïc,11,"el Poble Sec","Ajuntament de Barcelona","Biblioteques de Barcelona","Biblioteques de Barcelona",Lletres,41.373921824,2.164025015
2022,Fons_Documentals,"Biblioteca Vapor Vell",117689,,,03,Sants-Montjuïc,18,Sants,"Ajuntament de Barcelona","Biblioteques de Barcelona","Biblioteques de Barcelona",Lletres,41.376897256,2.134733614
2022,Fons_Documentals,"Biblioteca Clarà",48439,,,05,"Sarrià-Sant Gervasi",24,"les Tres Torres","Ajuntament de Barcelona","Biblioteques de Barcelona","Biblioteques de Barcelona",Lletres,41.399909399,2.129455802
2022,Fons_Documentals,"Biblioteca Collserola - Josep Miracle",24385,,,05,"Sarrià-Sant Gervasi",22,"Vallvidrera, el Tibidabo i les Planes","Ajuntament de Barcelona","Biblioteques de Barcelona","Biblioteques de Barcelona",Lletres,41.415359022,2.102528700
2022,Fons_Documentals,"Biblioteca Sant Gervasi - Joan Maragall",67600,,,05,"Sarrià-Sant Gervasi",25,"Sant Gervasi - la Bonanova","Ajuntament de Barcelona","Biblioteques de Barcelona","Biblioteques de Barcelona",Lletres,41.4059495,2.136064
2022,Metres_Quadrats,"Biblioteca Barceloneta - La Fraternitat",836,,,01,"Ciutat Vella",03,"la Barceloneta","Ajuntament de Barcelona","Biblioteques de Barcelona","Biblioteques de Barcelona",Lletres,41.379201005,2.188854072
2022,Metres_Quadrats,"Biblioteca Francesca Bonnemaison",1663,,,01,"Ciutat Vella",04,"Sant Pere, Santa Caterina i la Ribera","Ajuntament de Barcelona","Biblioteques de Barcelona","Biblioteques de Barcelona",Lletres,41.386936575,2.175789976
2022,Metres_Quadrats,"Biblioteca Gòtic - Andreu Nin",994,,,01,"Ciutat Vella",02,"el Barri Gòtic","Ajuntament de Barcelona","Biblioteques de Barcelona","Biblioteques de Barcelona",Lletres,41.378730324,2.175978504
2022,Metres_Quadrats,"Biblioteca Sant Pau - Santa Creu",1040,,,01,"Ciutat Vella",01,"el Raval","Ajuntament de Barcelona","Biblioteques de Barcelona","Biblioteques de Barcelona",Lletres,41.381057326,2.169793857
2022,Metres_Quadrats,"Biblioteca Esquerra de l'Eixample - Agustí Centelles",3097,,,02,Eixample,09,"la Nova Esquerra de l'Eixample","Ajuntament de Barcelona","Biblioteques de Barcelona","Biblioteques de Barcelona",Lletres,41.3864488,2.1527896
2022,Metres_Quadrats,"Biblioteca Fort Pienc",1091,,,02,Eixample,05,"el Fort Pienc","Ajuntament de Barcelona","Biblioteques de Barcelona","Biblioteques de Barcelona",Lletres,41.395555185,2.182447586
2022,Metres_Quadrats,"Biblioteca Joan Miró",1072,,,02,Eixample,09,"la Nova Esquerra de l'Eixample","Ajuntament de Barcelona","Biblioteques de Barcelona","Biblioteques de Barcelona",Lletres,41.378816801,2.149230361
2022,Metres_Quadrats,"Biblioteca Sagrada Família - J. M. Ainaud de Lasarte",2641,,,02,Eixample,06,"la Sagrada Família","Ajuntament de Barcelona","Biblioteques de Barcelona","Biblioteques de Barcelona",Lletres,41.4055771,2.176118
2022,Metres_Quadrats,"Biblioteca Sant Antoni - Joan Oliver",1480,,,02,Eixample,10,"Sant Antoni","Ajuntament de Barcelona","Biblioteques de Barcelona","Biblioteques de Barcelona",Lletres,41.377384776,2.162778079
2022,Metres_Quadrats,"Biblioteca Sofia Barat",535,,,02,Eixample,07,"la Dreta de l'Eixample","Ajuntament de Barcelona","Biblioteques de Barcelona","Biblioteques de Barcelona",Lletres,41.394674294,2.171504480
2022,Metres_Quadrats,"Biblioteca Jaume Fuster",5636,,,06,Gràcia,28,"Vallcarca i els Penitents","Ajuntament de Barcelona","Biblioteques de Barcelona","Biblioteques de Barcelona",Lletres,41.407459888,2.149757498
2022,Metres_Quadrats,"Biblioteca Vallcarca i els Penitents - M. Antonieta Cot",1225,,,06,Gràcia,28,"Vallcarca i els Penitents","Ajuntament de Barcelona","Biblioteques de Barcelona","Biblioteques de Barcelona",Lletres,41.420008234,2.139657303
2022,Metres_Quadrats,"Biblioteca Vila de Gràcia",1029,,,06,Gràcia,31,"la Vila de Gràcia","Ajuntament de Barcelona","Biblioteques de Barcelona","Biblioteques de Barcelona",Lletres,41.401467067,2.158213802
2022,Metres_Quadrats,"Biblioteca El Carmel - Juan Marsé",2392,,,07,Horta-Guinardó,37,"el Carmel","Ajuntament de Barcelona","Biblioteques de Barcelona","Biblioteques de Barcelona",Lletres,41.421104560,2.155286623
2022,Metres_Quadrats,"Biblioteca Guinardó - Mercè Rodoreda",2060,,,07,Horta-Guinardó,33,"el Baix Guinardó","Ajuntament de Barcelona","Biblioteques de Barcelona","Biblioteques de Barcelona",Lletres,41.414313258,2.165318095
2022,Metres_Quadrats,"Biblioteca Horta - Can Mariner",1702,,,07,Horta-Guinardó,43,Horta,"Ajuntament de Barcelona","Biblioteques de Barcelona","Biblioteques de Barcelona",Lletres,41.431105502,2.160733590
2022,Metres_Quadrats,"Biblioteca Montbau - Albert Pérez Baró",753,,,07,Horta-Guinardó,40,Montbau,"Ajuntament de Barcelona","Biblioteques de Barcelona","Biblioteques de Barcelona",Lletres,41.429553532,2.142195427
2022,Metres_Quadrats,"Biblioteca Les Corts - Miquel Llongueras",1442,,,04,"Les Corts",20,"la Maternitat i Sant Ramon","Ajuntament de Barcelona","Biblioteques de Barcelona","Biblioteques de Barcelona",Lletres,41.377777960,2.121760828
2022,Metres_Quadrats,"Biblioteca Montserrat Abelló",3300,,"Biblioteca inaugurada el 26 de gener de 2018.",04,"Les Corts",19,"les Corts","Ajuntament de Barcelona","Biblioteques de Barcelona","Biblioteques de Barcelona",Lletres,41.383722,2.1352722
2022,Metres_Quadrats,"Biblioteca Canyelles",450,,,08,"Nou Barris",49,Canyelles,"Ajuntament de Barcelona","Biblioteques de Barcelona","Biblioteques de Barcelona",Lletres,41.443773486,2.164322669
2022,Metres_Quadrats,"Biblioteca Les Roquetes - Rafa Juncadella",1194,,,08,"Nou Barris",50,"les Roquetes","Ajuntament de Barcelona","Biblioteques de Barcelona","Biblioteques de Barcelona",Lletres,41.445371792,2.177103706
2022,Metres_Quadrats,"Biblioteca Nou Barris",2010,,,08,"Nou Barris",48,"la Guineueta","Ajuntament de Barcelona","Biblioteques de Barcelona","Biblioteques de Barcelona",Lletres,41.436813681,2.171212448
2022,Metres_Quadrats,"Biblioteca Vilapicina i la Torre Llobeta",1400,,,08,"Nou Barris",44,"Vilapicina i la Torre Llobeta","Ajuntament de Barcelona","Biblioteques de Barcelona","Biblioteques de Barcelona",Lletres,41.426885098,2.176452383
2022,Metres_Quadrats,"Biblioteca Zona Nord",1462,,,08,"Nou Barris",54,"Torre Baró","Ajuntament de Barcelona","Biblioteques de Barcelona","Biblioteques de Barcelona",Lletres,41.461237425,2.179875786
2022,Metres_Quadrats,"Biblioteca Bon Pastor",1574,,,09,"Sant Andreu",59,"el Bon Pastor","Ajuntament de Barcelona","Biblioteques de Barcelona","Biblioteques de Barcelona",Lletres,41.435164144,2.204659876
2022,Metres_Quadrats,"Biblioteca Ignasi Iglésias - Can Fabra",3446,,,09,"Sant Andreu",60,"Sant Andreu","Ajuntament de Barcelona","Biblioteques de Barcelona","Biblioteques de Barcelona",Lletres,41.434481450,2.190871493
2022,Metres_Quadrats,"Biblioteca La Sagrera - Marina Clotet",2212,,,09,"Sant Andreu",61,"la Sagrera","Ajuntament de Barcelona","Biblioteques de Barcelona","Biblioteques de Barcelona",Lletres,41.425875519,2.193764263
2022,Metres_Quadrats,"Biblioteca Trinitat Vella - José Barbero",1297,,,09,"Sant Andreu",57,"la Trinitat Vella","Ajuntament de Barcelona","Biblioteques de Barcelona","Biblioteques de Barcelona",Lletres,41.449283144,2.190748711
2022,Metres_Quadrats,"Biblioteca Camp de l'Arpa - Caterina Albert",2489,,,10,"Sant Martí",64,"el Camp de l'Arpa del Clot","Ajuntament de Barcelona","Biblioteques de Barcelona","Biblioteques de Barcelona",Lletres,41.415766234,2.182280785
2022,Metres_Quadrats,"Biblioteca El Clot - Josep Benet",1732,,,10,"Sant Martí",66,"el Parc i la Llacuna del Poblenou","Ajuntament de Barcelona","Biblioteques de Barcelona","Biblioteques de Barcelona",Lletres,41.4019532,2.188806
2022,Metres_Quadrats,"Biblioteca Gabriel García Márquez",3318,,"Biblioteca inaugurada la primavera de 2022 en substitució de la Biblioteca Sant Martí de Provençals, tancada definitivament el desembre de 2021.",10,"Sant Martí",72,"Sant Martí de Provençals","Ajuntament de Barcelona","Biblioteques de Barcelona","Biblioteques de Barcelona",Lletres,41.417120,2.200328
2022,Metres_Quadrats,"Biblioteca Poblenou - Manuel Arranz",1960,,,10,"Sant Martí",68,"el Poblenou","Ajuntament de Barcelona","Biblioteques de Barcelona","Biblioteques de Barcelona",Lletres,41.401373426,2.204525705
2022,Metres_Quadrats,"Biblioteca Ramon d'Alòs-Moner",380,,,10,"Sant Martí",70,"el Besòs i el Maresme","Ajuntament de Barcelona","Biblioteques de Barcelona","Biblioteques de Barcelona",Lletres,41.416309274,2.211483280
2022,Metres_Quadrats,"Biblioteca Xavier Benguerel",1550,,,10,"Sant Martí",67,"la Vila Olímpica del Poblenou","Ajuntament de Barcelona","Biblioteques de Barcelona","Biblioteques de Barcelona",Lletres,41.392407385,2.197710107
2022,Metres_Quadrats,"Biblioteca Francesc Candel",2091,,,03,Sants-Montjuïc,13,"la Marina de Port","Ajuntament de Barcelona","Biblioteques de Barcelona","Biblioteques de Barcelona",Lletres,41.361777512,2.136276613
2022,Metres_Quadrats,"Biblioteca Poble Sec - Francesc Boix",539,,,03,Sants-Montjuïc,11,"el Poble Sec","Ajuntament de Barcelona","Biblioteques de Barcelona","Biblioteques de Barcelona",Lletres,41.373921824,2.164025015
2022,Metres_Quadrats,"Biblioteca Vapor Vell",2087,,,03,Sants-Montjuïc,18,Sants,"Ajuntament de Barcelona","Biblioteques de Barcelona","Biblioteques de Barcelona",Lletres,41.376897256,2.134733614
2022,Metres_Quadrats,"Biblioteca Clarà",762,,,05,"Sarrià-Sant Gervasi",24,"les Tres Torres","Ajuntament de Barcelona","Biblioteques de Barcelona","Biblioteques de Barcelona",Lletres,41.399909399,2.129455802
2022,Metres_Quadrats,"Biblioteca Collserola - Josep Miracle",468,,,05,"Sarrià-Sant Gervasi",22,"Vallvidrera, el Tibidabo i les Planes","Ajuntament de Barcelona","Biblioteques de Barcelona","Biblioteques de Barcelona",Lletres,41.415359022,2.102528700
2022,Metres_Quadrats,"Biblioteca Sant Gervasi - Joan Maragall",2396,,,05,"Sarrià-Sant Gervasi",25,"Sant Gervasi - la Bonanova","Ajuntament de Barcelona","Biblioteques de Barcelona","Biblioteques de Barcelona",Lletres,41.4059495,2.136064
2022,Nombre_Activitats,"Biblioteca Barceloneta - La Fraternitat",10,,,01,"Ciutat Vella",03,"la Barceloneta","Ajuntament de Barcelona","Biblioteques de Barcelona","Biblioteques de Barcelona",Lletres,41.379201005,2.188854072
2022,Nombre_Activitats,"Biblioteca Francesca Bonnemaison",78,,,01,"Ciutat Vella",04,"Sant Pere, Santa Caterina i la Ribera","Ajuntament de Barcelona","Biblioteques de Barcelona","Biblioteques de Barcelona",Lletres,41.386936575,2.175789976
2022,Nombre_Activitats,"Biblioteca Gòtic - Andreu Nin",32,,,01,"Ciutat Vella",02,"el Barri Gòtic","Ajuntament de Barcelona","Biblioteques de Barcelona","Biblioteques de Barcelona",Lletres,41.378730324,2.175978504
2022,Nombre_Activitats,"Biblioteca Sant Pau - Santa Creu",32,,,01,"Ciutat Vella",01,"el Raval","Ajuntament de Barcelona","Biblioteques de Barcelona","Biblioteques de Barcelona",Lletres,41.381057326,2.169793857
2022,Nombre_Activitats,"Biblioteca Esquerra de l'Eixample - Agustí Centelles",73,,,02,Eixample,09,"la Nova Esquerra de l'Eixample","Ajuntament de Barcelona","Biblioteques de Barcelona","Biblioteques de Barcelona",Lletres,41.3864488,2.1527896
2022,Nombre_Activitats,"Biblioteca Fort Pienc",31,,,02,Eixample,05,"el Fort Pienc","Ajuntament de Barcelona","Biblioteques de Barcelona","Biblioteques de Barcelona",Lletres,41.395555185,2.182447586
2022,Nombre_Activitats,"Biblioteca Joan Miró",24,,,02,Eixample,09,"la Nova Esquerra de l'Eixample","Ajuntament de Barcelona","Biblioteques de Barcelona","Biblioteques de Barcelona",Lletres,41.378816801,2.149230361
2022,Nombre_Activitats,"Biblioteca Sagrada Família - J. M. Ainaud de Lasarte",28,,,02,Eixample,06,"la Sagrada Família","Ajuntament de Barcelona","Biblioteques de Barcelona","Biblioteques de Barcelona",Lletres,41.4055771,2.176118
2022,Nombre_Activitats,"Biblioteca Sant Antoni - Joan Oliver",38,,,02,Eixample,10,"Sant Antoni","Ajuntament de Barcelona","Biblioteques de Barcelona","Biblioteques de Barcelona",Lletres,41.377384776,2.162778079
2022,Nombre_Activitats,"Biblioteca Sofia Barat",41,,,02,Eixample,07,"la Dreta de l'Eixample","Ajuntament de Barcelona","Biblioteques de Barcelona","Biblioteques de Barcelona",Lletres,41.394674294,2.171504480
2022,Nombre_Activitats,"Biblioteca Jaume Fuster",81,,,06,Gràcia,28,"Vallcarca i els Penitents","Ajuntament de Barcelona","Biblioteques de Barcelona","Biblioteques de Barcelona",Lletres,41.407459888,2.149757498
2022,Nombre_Activitats,"Biblioteca Vallcarca i els Penitents - M. Antonieta Cot",68,,,06,Gràcia,28,"Vallcarca i els Penitents","Ajuntament de Barcelona","Biblioteques de Barcelona","Biblioteques de Barcelona",Lletres,41.420008234,2.139657303
2022,Nombre_Activitats,"Biblioteca Vila de Gràcia",98,,,06,Gràcia,31,"la Vila de Gràcia","Ajuntament de Barcelona","Biblioteques de Barcelona","Biblioteques de Barcelona",Lletres,41.401467067,2.158213802
2022,Nombre_Activitats,"Biblioteca El Carmel - Juan Marsé",118,,,07,Horta-Guinardó,37,"el Carmel","Ajuntament de Barcelona","Biblioteques de Barcelona","Biblioteques de Barcelona",Lletres,41.421104560,2.155286623
2022,Nombre_Activitats,"Biblioteca Guinardó - Mercè Rodoreda",63,,,07,Horta-Guinardó,33,"el Baix Guinardó","Ajuntament de Barcelona","Biblioteques de Barcelona","Biblioteques de Barcelona",Lletres,41.414313258,2.165318095
2022,Nombre_Activitats,"Biblioteca Horta - Can Mariner",64,,,07,Horta-Guinardó,43,Horta,"Ajuntament de Barcelona","Biblioteques de Barcelona","Biblioteques de Barcelona",Lletres,41.431105502,2.160733590
2022,Nombre_Activitats,"Biblioteca Montbau - Albert Pérez Baró",85,,,07,Horta-Guinardó,40,Montbau,"Ajuntament de Barcelona","Biblioteques de Barcelona","Biblioteques de Barcelona",Lletres,41.429553532,2.142195427
2022,Nombre_Activitats,"Biblioteca Les Corts - Miquel Llongueras",40,,,04,"Les Corts",20,"la Maternitat i Sant Ramon","Ajuntament de Barcelona","Biblioteques de Barcelona","Biblioteques de Barcelona",Lletres,41.377777960,2.121760828
2022,Nombre_Activitats,"Biblioteca Montserrat Abelló",101,,"Biblioteca inaugurada el 26 de gener de 2018.",04,"Les Corts",19,"les Corts","Ajuntament de Barcelona","Biblioteques de Barcelona","Biblioteques de Barcelona",Lletres,41.383722,2.1352722
2022,Nombre_Activitats,"Biblioteca Canyelles",48,,,08,"Nou Barris",49,Canyelles,"Ajuntament de Barcelona","Biblioteques de Barcelona","Biblioteques de Barcelona",Lletres,41.443773486,2.164322669
2022,Nombre_Activitats,"Biblioteca Les Roquetes - Rafa Juncadella",90,,,08,"Nou Barris",50,"les Roquetes","Ajuntament de Barcelona","Biblioteques de Barcelona","Biblioteques de Barcelona",Lletres,41.445371792,2.177103706
2022,Nombre_Activitats,"Biblioteca Nou Barris",86,,,08,"Nou Barris",48,"la Guineueta","Ajuntament de Barcelona","Biblioteques de Barcelona","Biblioteques de Barcelona",Lletres,41.436813681,2.171212448
2022,Nombre_Activitats,"Biblioteca Vilapicina i la Torre Llobeta",60,,,08,"Nou Barris",44,"Vilapicina i la Torre Llobeta","Ajuntament de Barcelona","Biblioteques de Barcelona","Biblioteques de Barcelona",Lletres,41.426885098,2.176452383
2022,Nombre_Activitats,"Biblioteca Zona Nord",200,,,08,"Nou Barris",54,"Torre Baró","Ajuntament de Barcelona","Biblioteques de Barcelona","Biblioteques de Barcelona",Lletres,41.461237425,2.179875786
2022,Nombre_Activitats,"Biblioteca Bon Pastor",323,,,09,"Sant Andreu",59,"el Bon Pastor","Ajuntament de Barcelona","Biblioteques de Barcelona","Biblioteques de Barcelona",Lletres,41.435164144,2.204659876
2022,Nombre_Activitats,"Biblioteca Ignasi Iglésias - Can Fabra",517,,,09,"Sant Andreu",60,"Sant Andreu","Ajuntament de Barcelona","Biblioteques de Barcelona","Biblioteques de Barcelona",Lletres,41.434481450,2.190871493
2022,Nombre_Activitats,"Biblioteca La Sagrera - Marina Clotet",110,,,09,"Sant Andreu",61,"la Sagrera","Ajuntament de Barcelona","Biblioteques de Barcelona","Biblioteques de Barcelona",Lletres,41.425875519,2.193764263
2022,Nombre_Activitats,"Biblioteca Trinitat Vella - José Barbero",95,,,09,"Sant Andreu",57,"la Trinitat Vella","Ajuntament de Barcelona","Biblioteques de Barcelona","Biblioteques de Barcelona",Lletres,41.449283144,2.190748711
2022,Nombre_Activitats,"Biblioteca Camp de l'Arpa - Caterina Albert",46,,,10,"Sant Martí",64,"el Camp de l'Arpa del Clot","Ajuntament de Barcelona","Biblioteques de Barcelona","Biblioteques de Barcelona",Lletres,41.415766234,2.182280785
2022,Nombre_Activitats,"Biblioteca El Clot - Josep Benet",55,,,10,"Sant Martí",66,"el Parc i la Llacuna del Poblenou","Ajuntament de Barcelona","Biblioteques de Barcelona","Biblioteques de Barcelona",Lletres,41.4019532,2.188806
2022,Nombre_Activitats,"Biblioteca Gabriel García Márquez",49,,"Biblioteca inaugurada la primavera de 2022 en substitució de la Biblioteca Sant Martí de Provençals, tancada definitivament el desembre de 2021.",10,"Sant Martí",72,"Sant Martí de Provençals","Ajuntament de Barcelona","Biblioteques de Barcelona","Biblioteques de Barcelona",Lletres,41.417120,2.200328
2022,Nombre_Activitats,"Biblioteca Poblenou - Manuel Arranz",36,,,10,"Sant Martí",68,"el Poblenou","Ajuntament de Barcelona","Biblioteques de Barcelona","Biblioteques de Barcelona",Lletres,41.401373426,2.204525705
2022,Nombre_Activitats,"Biblioteca Ramon d'Alòs-Moner",43,,,10,"Sant Martí",70,"el Besòs i el Maresme","Ajuntament de Barcelona","Biblioteques de Barcelona","Biblioteques de Barcelona",Lletres,41.416309274,2.211483280
2022,Nombre_Activitats,"Biblioteca Xavier Benguerel",52,,,10,"Sant Martí",67,"la Vila Olímpica del Poblenou","Ajuntament de Barcelona","Biblioteques de Barcelona","Biblioteques de Barcelona",Lletres,41.392407385,2.197710107
2022,Nombre_Activitats,"Biblioteca Francesc Candel",53,,,03,Sants-Montjuïc,13,"la Marina de Port","Ajuntament de Barcelona","Biblioteques de Barcelona","Biblioteques de Barcelona",Lletres,41.361777512,2.136276613
2022,Nombre_Activitats,"Biblioteca Poble Sec - Francesc Boix",58,,,03,Sants-Montjuïc,11,"el Poble Sec","Ajuntament de Barcelona","Biblioteques de Barcelona","Biblioteques de Barcelona",Lletres,41.373921824,2.164025015
2022,Nombre_Activitats,"Biblioteca Vapor Vell",77,,,03,Sants-Montjuïc,18,Sants,"Ajuntament de Barcelona","Biblioteques de Barcelona","Biblioteques de Barcelona",Lletres,41.376897256,2.134733614
2022,Nombre_Activitats,"Biblioteca Clarà",32,,,05,"Sarrià-Sant Gervasi",24,"les Tres Torres","Ajuntament de Barcelona","Biblioteques de Barcelona","Biblioteques de Barcelona",Lletres,41.399909399,2.129455802
2022,Nombre_Activitats,"Biblioteca Collserola - Josep Miracle",43,,,05,"Sarrià-Sant Gervasi",22,"Vallvidrera, el Tibidabo i les Planes","Ajuntament de Barcelona","Biblioteques de Barcelona","Biblioteques de Barcelona",Lletres,41.415359022,2.102528700
2022,Nombre_Activitats,"Biblioteca Sant Gervasi - Joan Maragall",60,,,05,"Sarrià-Sant Gervasi",25,"Sant Gervasi - la Bonanova","Ajuntament de Barcelona","Biblioteques de Barcelona","Biblioteques de Barcelona",Lletres,41.4059495,2.136064
2022,Nombre_Visites_Escolars,"Biblioteca Barceloneta - La Fraternitat",85,,,01,"Ciutat Vella",03,"la Barceloneta","Ajuntament de Barcelona","Biblioteques de Barcelona","Biblioteques de Barcelona",Lletres,41.379201005,2.188854072
2022,Nombre_Visites_Escolars,"Biblioteca Francesca Bonnemaison",160,,,01,"Ciutat Vella",04,"Sant Pere, Santa Caterina i la Ribera","Ajuntament de Barcelona","Biblioteques de Barcelona","Biblioteques de Barcelona",Lletres,41.386936575,2.175789976
2022,Nombre_Visites_Escolars,"Biblioteca Gòtic - Andreu Nin",148,,,01,"Ciutat Vella",02,"el Barri Gòtic","Ajuntament de Barcelona","Biblioteques de Barcelona","Biblioteques de Barcelona",Lletres,41.378730324,2.175978504
2022,Nombre_Visites_Escolars,"Biblioteca Sant Pau - Santa Creu",131,,,01,"Ciutat Vella",01,"el Raval","Ajuntament de Barcelona","Biblioteques de Barcelona","Biblioteques de Barcelona",Lletres,41.381057326,2.169793857
2022,Nombre_Visites_Escolars,"Biblioteca Esquerra de l'Eixample - Agustí Centelles",66,,,02,Eixample,09,"la Nova Esquerra de l'Eixample","Ajuntament de Barcelona","Biblioteques de Barcelona","Biblioteques de Barcelona",Lletres,41.3864488,2.1527896
2022,Nombre_Visites_Escolars,"Biblioteca Fort Pienc",95,,,02,Eixample,05,"el Fort Pienc","Ajuntament de Barcelona","Biblioteques de Barcelona","Biblioteques de Barcelona",Lletres,41.395555185,2.182447586
2022,Nombre_Visites_Escolars,"Biblioteca Joan Miró",79,,,02,Eixample,09,"la Nova Esquerra de l'Eixample","Ajuntament de Barcelona","Biblioteques de Barcelona","Biblioteques de Barcelona",Lletres,41.378816801,2.149230361
2022,Nombre_Visites_Escolars,"Biblioteca Sagrada Família - J. M. Ainaud de Lasarte",63,,,02,Eixample,06,"la Sagrada Família","Ajuntament de Barcelona","Biblioteques de Barcelona","Biblioteques de Barcelona",Lletres,41.4055771,2.176118
2022,Nombre_Visites_Escolars,"Biblioteca Sant Antoni - Joan Oliver",63,,,02,Eixample,10,"Sant Antoni","Ajuntament de Barcelona","Biblioteques de Barcelona","Biblioteques de Barcelona",Lletres,41.377384776,2.162778079
2022,Nombre_Visites_Escolars,"Biblioteca Sofia Barat",85,,,02,Eixample,07,"la Dreta de l'Eixample","Ajuntament de Barcelona","Biblioteques de Barcelona","Biblioteques de Barcelona",Lletres,41.394674294,2.171504480
2022,Nombre_Visites_Escolars,"Biblioteca Jaume Fuster",117,,,06,Gràcia,28,"Vallcarca i els Penitents","Ajuntament de Barcelona","Biblioteques de Barcelona","Biblioteques de Barcelona",Lletres,41.407459888,2.149757498
2022,Nombre_Visites_Escolars,"Biblioteca Vallcarca i els Penitents - M. Antonieta Cot",41,,,06,Gràcia,28,"Vallcarca i els Penitents","Ajuntament de Barcelona","Biblioteques de Barcelona","Biblioteques de Barcelona",Lletres,41.420008234,2.139657303
2022,Nombre_Visites_Escolars,"Biblioteca Vila de Gràcia",41,,,06,Gràcia,31,"la Vila de Gràcia","Ajuntament de Barcelona","Biblioteques de Barcelona","Biblioteques de Barcelona",Lletres,41.401467067,2.158213802
2022,Nombre_Visites_Escolars,"Biblioteca El Carmel - Juan Marsé",98,,,07,Horta-Guinardó,37,"el Carmel","Ajuntament de Barcelona","Biblioteques de Barcelona","Biblioteques de Barcelona",Lletres,41.421104560,2.155286623
2022,Nombre_Visites_Escolars,"Biblioteca Guinardó - Mercè Rodoreda",46,,,07,Horta-Guinardó,33,"el Baix Guinardó","Ajuntament de Barcelona","Biblioteques de Barcelona","Biblioteques de Barcelona",Lletres,41.414313258,2.165318095
2022,Nombre_Visites_Escolars,"Biblioteca Horta - Can Mariner",32,,,07,Horta-Guinardó,43,Horta,"Ajuntament de Barcelona","Biblioteques de Barcelona","Biblioteques de Barcelona",Lletres,41.431105502,2.160733590
2022,Nombre_Visites_Escolars,"Biblioteca Montbau - Albert Pérez Baró",13,,,07,Horta-Guinardó,40,Montbau,"Ajuntament de Barcelona","Biblioteques de Barcelona","Biblioteques de Barcelona",Lletres,41.429553532,2.142195427
2022,Nombre_Visites_Escolars,"Biblioteca Les Corts - Miquel Llongueras",30,,,04,"Les Corts",20,"la Maternitat i Sant Ramon","Ajuntament de Barcelona","Biblioteques de Barcelona","Biblioteques de Barcelona",Lletres,41.377777960,2.121760828
2022,Nombre_Visites_Escolars,"Biblioteca Montserrat Abelló",80,,"Biblioteca inaugurada el 26 de gener de 2018.",04,"Les Corts",19,"les Corts","Ajuntament de Barcelona","Biblioteques de Barcelona","Biblioteques de Barcelona",Lletres,41.383722,2.1352722
2022,Nombre_Visites_Escolars,"Biblioteca Canyelles",24,,,08,"Nou Barris",49,Canyelles,"Ajuntament de Barcelona","Biblioteques de Barcelona","Biblioteques de Barcelona",Lletres,41.443773486,2.164322669
2022,Nombre_Visites_Escolars,"Biblioteca Les Roquetes - Rafa Juncadella",80,,,08,"Nou Barris",50,"les Roquetes","Ajuntament de Barcelona","Biblioteques de Barcelona","Biblioteques de Barcelona",Lletres,41.445371792,2.177103706
2022,Nombre_Visites_Escolars,"Biblioteca Nou Barris",104,,,08,"Nou Barris",48,"la Guineueta","Ajuntament de Barcelona","Biblioteques de Barcelona","Biblioteques de Barcelona",Lletres,41.436813681,2.171212448
2022,Nombre_Visites_Escolars,"Biblioteca Vilapicina i la Torre Llobeta",27,,,08,"Nou Barris",44,"Vilapicina i la Torre Llobeta","Ajuntament de Barcelona","Biblioteques de Barcelona","Biblioteques de Barcelona",Lletres,41.426885098,2.176452383
2022,Nombre_Visites_Escolars,"Biblioteca Zona Nord",164,,,08,"Nou Barris",54,"Torre Baró","Ajuntament de Barcelona","Biblioteques de Barcelona","Biblioteques de Barcelona",Lletres,41.461237425,2.179875786
2022,Nombre_Visites_Escolars,"Biblioteca Bon Pastor",163,,,09,"Sant Andreu",59,"el Bon Pastor","Ajuntament de Barcelona","Biblioteques de Barcelona","Biblioteques de Barcelona",Lletres,41.435164144,2.204659876
2022,Nombre_Visites_Escolars,"Biblioteca Ignasi Iglésias - Can Fabra",165,,,09,"Sant Andreu",60,"Sant Andreu","Ajuntament de Barcelona","Biblioteques de Barcelona","Biblioteques de Barcelona",Lletres,41.434481450,2.190871493
2022,Nombre_Visites_Escolars,"Biblioteca La Sagrera - Marina Clotet",97,,,09,"Sant Andreu",61,"la Sagrera","Ajuntament de Barcelona","Biblioteques de Barcelona","Biblioteques de Barcelona",Lletres,41.425875519,2.193764263
2022,Nombre_Visites_Escolars,"Biblioteca Trinitat Vella - José Barbero",44,,,09,"Sant Andreu",57,"la Trinitat Vella","Ajuntament de Barcelona","Biblioteques de Barcelona","Biblioteques de Barcelona",Lletres,41.449283144,2.190748711
2022,Nombre_Visites_Escolars,"Biblioteca Camp de l'Arpa - Caterina Albert",102,,,10,"Sant Martí",64,"el Camp de l'Arpa del Clot","Ajuntament de Barcelona","Biblioteques de Barcelona","Biblioteques de Barcelona",Lletres,41.415766234,2.182280785
2022,Nombre_Visites_Escolars,"Biblioteca El Clot - Josep Benet",65,,,10,"Sant Martí",66,"el Parc i la Llacuna del Poblenou","Ajuntament de Barcelona","Biblioteques de Barcelona","Biblioteques de Barcelona",Lletres,41.4019532,2.188806
2022,Nombre_Visites_Escolars,"Biblioteca Gabriel García Márquez",50,,"Biblioteca inaugurada la primavera de 2022 en substitució de la Biblioteca Sant Martí de Provençals, tancada definitivament el desembre de 2021.",10,"Sant Martí",72,"Sant Martí de Provençals","Ajuntament de Barcelona","Biblioteques de Barcelona","Biblioteques de Barcelona",Lletres,41.417120,2.200328
2022,Nombre_Visites_Escolars,"Biblioteca Poblenou - Manuel Arranz",51,,,10,"Sant Martí",68,"el Poblenou","Ajuntament de Barcelona","Biblioteques de Barcelona","Biblioteques de Barcelona",Lletres,41.401373426,2.204525705
2022,Nombre_Visites_Escolars,"Biblioteca Ramon d'Alòs-Moner",28,,,10,"Sant Martí",70,"el Besòs i el Maresme","Ajuntament de Barcelona","Biblioteques de Barcelona","Biblioteques de Barcelona",Lletres,41.416309274,2.211483280
2022,Nombre_Visites_Escolars,"Biblioteca Xavier Benguerel",69,,,10,"Sant Martí",67,"la Vila Olímpica del Poblenou","Ajuntament de Barcelona","Biblioteques de Barcelona","Biblioteques de Barcelona",Lletres,41.392407385,2.197710107
2022,Nombre_Visites_Escolars,"Biblioteca Francesc Candel",90,,,03,Sants-Montjuïc,13,"la Marina de Port","Ajuntament de Barcelona","Biblioteques de Barcelona","Biblioteques de Barcelona",Lletres,41.361777512,2.136276613
2022,Nombre_Visites_Escolars,"Biblioteca Poble Sec - Francesc Boix",26,,,03,Sants-Montjuïc,11,"el Poble Sec","Ajuntament de Barcelona","Biblioteques de Barcelona","Biblioteques de Barcelona",Lletres,41.373921824,2.164025015
2022,Nombre_Visites_Escolars,"Biblioteca Vapor Vell",50,,,03,Sants-Montjuïc,18,Sants,"Ajuntament de Barcelona","Biblioteques de Barcelona","Biblioteques de Barcelona",Lletres,41.376897256,2.134733614
2022,Nombre_Visites_Escolars,"Biblioteca Clarà",24,,,05,"Sarrià-Sant Gervasi",24,"les Tres Torres","Ajuntament de Barcelona","Biblioteques de Barcelona","Biblioteques de Barcelona",Lletres,41.399909399,2.129455802
2022,Nombre_Visites_Escolars,"Biblioteca Collserola - Josep Miracle",20,,,05,"Sarrià-Sant Gervasi",22,"Vallvidrera, el Tibidabo i les Planes","Ajuntament de Barcelona","Biblioteques de Barcelona","Biblioteques de Barcelona",Lletres,41.415359022,2.102528700
2022,Nombre_Visites_Escolars,"Biblioteca Sant Gervasi - Joan Maragall",33,,,05,"Sarrià-Sant Gervasi",25,"Sant Gervasi - la Bonanova","Ajuntament de Barcelona","Biblioteques de Barcelona","Biblioteques de Barcelona",Lletres,41.4059495,2.136064
2022,Prestecs_presencials,"Biblioteca Barceloneta - La Fraternitat",28262,,,01,"Ciutat Vella",03,"la Barceloneta","Ajuntament de Barcelona","Biblioteques de Barcelona","Biblioteques de Barcelona",Lletres,41.379201005,2.188854072
2022,Prestecs_presencials,"Biblioteca Francesca Bonnemaison",86358,,,01,"Ciutat Vella",04,"Sant Pere, Santa Caterina i la Ribera","Ajuntament de Barcelona","Biblioteques de Barcelona","Biblioteques de Barcelona",Lletres,41.386936575,2.175789976
2022,Prestecs_presencials,"Biblioteca Gòtic - Andreu Nin",40358,,,01,"Ciutat Vella",02,"el Barri Gòtic","Ajuntament de Barcelona","Biblioteques de Barcelona","Biblioteques de Barcelona",Lletres,41.378730324,2.175978504
2022,Prestecs_presencials,"Biblioteca Sant Pau - Santa Creu",57918,,,01,"Ciutat Vella",01,"el Raval","Ajuntament de Barcelona","Biblioteques de Barcelona","Biblioteques de Barcelona",Lletres,41.381057326,2.169793857
2022,Prestecs_presencials,"Biblioteca Esquerra de l'Eixample - Agustí Centelles",181187,,,02,Eixample,09,"la Nova Esquerra de l'Eixample","Ajuntament de Barcelona","Biblioteques de Barcelona","Biblioteques de Barcelona",Lletres,41.3864488,2.1527896
2022,Prestecs_presencials,"Biblioteca Fort Pienc",80554,,,02,Eixample,05,"el Fort Pienc","Ajuntament de Barcelona","Biblioteques de Barcelona","Biblioteques de Barcelona",Lletres,41.395555185,2.182447586
2022,Prestecs_presencials,"Biblioteca Joan Miró",77123,,,02,Eixample,09,"la Nova Esquerra de l'Eixample","Ajuntament de Barcelona","Biblioteques de Barcelona","Biblioteques de Barcelona",Lletres,41.378816801,2.149230361
2022,Prestecs_presencials,"Biblioteca Sagrada Família - J. M. Ainaud de Lasarte",64543,,,02,Eixample,06,"la Sagrada Família","Ajuntament de Barcelona","Biblioteques de Barcelona","Biblioteques de Barcelona",Lletres,41.4055771,2.176118
2022,Prestecs_presencials,"Biblioteca Sant Antoni - Joan Oliver",81045,,,02,Eixample,10,"Sant Antoni","Ajuntament de Barcelona","Biblioteques de Barcelona","Biblioteques de Barcelona",Lletres,41.377384776,2.162778079
2022,Prestecs_presencials,"Biblioteca Sofia Barat",33319,,,02,Eixample,07,"la Dreta de l'Eixample","Ajuntament de Barcelona","Biblioteques de Barcelona","Biblioteques de Barcelona",Lletres,41.394674294,2.171504480
2022,Prestecs_presencials,"Biblioteca Jaume Fuster",239305,,,06,Gràcia,28,"Vallcarca i els Penitents","Ajuntament de Barcelona","Biblioteques de Barcelona","Biblioteques de Barcelona",Lletres,41.407459888,2.149757498
2022,Prestecs_presencials,"Biblioteca Vallcarca i els Penitents - M. Antonieta Cot",34981,,,06,Gràcia,28,"Vallcarca i els Penitents","Ajuntament de Barcelona","Biblioteques de Barcelona","Biblioteques de Barcelona",Lletres,41.420008234,2.139657303
2022,Prestecs_presencials,"Biblioteca Vila de Gràcia",92610,,,06,Gràcia,31,"la Vila de Gràcia","Ajuntament de Barcelona","Biblioteques de Barcelona","Biblioteques de Barcelona",Lletres,41.401467067,2.158213802
2022,Prestecs_presencials,"Biblioteca El Carmel - Juan Marsé",73779,,,07,Horta-Guinardó,37,"el Carmel","Ajuntament de Barcelona","Biblioteques de Barcelona","Biblioteques de Barcelona",Lletres,41.421104560,2.155286623
2022,Prestecs_presencials,"Biblioteca Guinardó - Mercè Rodoreda",133934,,,07,Horta-Guinardó,33,"el Baix Guinardó","Ajuntament de Barcelona","Biblioteques de Barcelona","Biblioteques de Barcelona",Lletres,41.414313258,2.165318095
2022,Prestecs_presencials,"Biblioteca Horta - Can Mariner",82441,,,07,Horta-Guinardó,43,Horta,"Ajuntament de Barcelona","Biblioteques de Barcelona","Biblioteques de Barcelona",Lletres,41.431105502,2.160733590
2022,Prestecs_presencials,"Biblioteca Montbau - Albert Pérez Baró",29058,,,07,Horta-Guinardó,40,Montbau,"Ajuntament de Barcelona","Biblioteques de Barcelona","Biblioteques de Barcelona",Lletres,41.429553532,2.142195427
2022,Prestecs_presencials,"Biblioteca Les Corts - Miquel Llongueras",52436,,,04,"Les Corts",20,"la Maternitat i Sant Ramon","Ajuntament de Barcelona","Biblioteques de Barcelona","Biblioteques de Barcelona",Lletres,41.377777960,2.121760828
2022,Prestecs_presencials,"Biblioteca Montserrat Abelló",145166,,"Biblioteca inaugurada el 26 de gener de 2018.",04,"Les Corts",19,"les Corts","Ajuntament de Barcelona","Biblioteques de Barcelona","Biblioteques de Barcelona",Lletres,41.383722,2.1352722
2022,Prestecs_presencials,"Biblioteca Canyelles",13565,,,08,"Nou Barris",49,Canyelles,"Ajuntament de Barcelona","Biblioteques de Barcelona","Biblioteques de Barcelona",Lletres,41.443773486,2.164322669
2022,Prestecs_presencials,"Biblioteca Les Roquetes - Rafa Juncadella",31660,,,08,"Nou Barris",50,"les Roquetes","Ajuntament de Barcelona","Biblioteques de Barcelona","Biblioteques de Barcelona",Lletres,41.445371792,2.177103706
2022,Prestecs_presencials,"Biblioteca Nou Barris",104552,,,08,"Nou Barris",48,"la Guineueta","Ajuntament de Barcelona","Biblioteques de Barcelona","Biblioteques de Barcelona",Lletres,41.436813681,2.171212448
2022,Prestecs_presencials,"Biblioteca Vilapicina i la Torre Llobeta",90863,,,08,"Nou Barris",44,"Vilapicina i la Torre Llobeta","Ajuntament de Barcelona","Biblioteques de Barcelona","Biblioteques de Barcelona",Lletres,41.426885098,2.176452383
2022,Prestecs_presencials,"Biblioteca Zona Nord",26489,,,08,"Nou Barris",54,"Torre Baró","Ajuntament de Barcelona","Biblioteques de Barcelona","Biblioteques de Barcelona",Lletres,41.461237425,2.179875786
2022,Prestecs_presencials,"Biblioteca Bon Pastor",33500,,,09,"Sant Andreu",59,"el Bon Pastor","Ajuntament de Barcelona","Biblioteques de Barcelona","Biblioteques de Barcelona",Lletres,41.435164144,2.204659876
2022,Prestecs_presencials,"Biblioteca Ignasi Iglésias - Can Fabra",240735,,,09,"Sant Andreu",60,"Sant Andreu","Ajuntament de Barcelona","Biblioteques de Barcelona","Biblioteques de Barcelona",Lletres,41.434481450,2.190871493
2022,Prestecs_presencials,"Biblioteca La Sagrera - Marina Clotet",65921,,,09,"Sant Andreu",61,"la Sagrera","Ajuntament de Barcelona","Biblioteques de Barcelona","Biblioteques de Barcelona",Lletres,41.425875519,2.193764263
2022,Prestecs_presencials,"Biblioteca Trinitat Vella - José Barbero",19735,,,09,"Sant Andreu",57,"la Trinitat Vella","Ajuntament de Barcelona","Biblioteques de Barcelona","Biblioteques de Barcelona",Lletres,41.449283144,2.190748711
2022,Prestecs_presencials,"Biblioteca Camp de l'Arpa - Caterina Albert",124184,,,10,"Sant Martí",64,"el Camp de l'Arpa del Clot","Ajuntament de Barcelona","Biblioteques de Barcelona","Biblioteques de Barcelona",Lletres,41.415766234,2.182280785
2022,Prestecs_presencials,"Biblioteca El Clot - Josep Benet",95728,,,10,"Sant Martí",66,"el Parc i la Llacuna del Poblenou","Ajuntament de Barcelona","Biblioteques de Barcelona","Biblioteques de Barcelona",Lletres,41.4019532,2.188806
2022,Prestecs_presencials,"Biblioteca Gabriel García Márquez",72711,,"Biblioteca inaugurada la primavera de 2022 en substitució de la Biblioteca Sant Martí de Provençals, tancada definitivament el desembre de 2021.",10,"Sant Martí",72,"Sant Martí de Provençals","Ajuntament de Barcelona","Biblioteques de Barcelona","Biblioteques de Barcelona",Lletres,41.417120,2.200328
2022,Prestecs_presencials,"Biblioteca Poblenou - Manuel Arranz",104311,,,10,"Sant Martí",68,"el Poblenou","Ajuntament de Barcelona","Biblioteques de Barcelona","Biblioteques de Barcelona",Lletres,41.401373426,2.204525705
2022,Prestecs_presencials,"Biblioteca Ramon d'Alòs-Moner",22990,,,10,"Sant Martí",70,"el Besòs i el Maresme","Ajuntament de Barcelona","Biblioteques de Barcelona","Biblioteques de Barcelona",Lletres,41.416309274,2.211483280
2022,Prestecs_presencials,"Biblioteca Xavier Benguerel",88971,,,10,"Sant Martí",67,"la Vila Olímpica del Poblenou","Ajuntament de Barcelona","Biblioteques de Barcelona","Biblioteques de Barcelona",Lletres,41.392407385,2.197710107
2022,Prestecs_presencials,"Biblioteca Francesc Candel",66175,,,03,Sants-Montjuïc,13,"la Marina de Port","Ajuntament de Barcelona","Biblioteques de Barcelona","Biblioteques de Barcelona",Lletres,41.361777512,2.136276613
2022,Prestecs_presencials,"Biblioteca Poble Sec - Francesc Boix",42816,,,03,Sants-Montjuïc,11,"el Poble Sec","Ajuntament de Barcelona","Biblioteques de Barcelona","Biblioteques de Barcelona",Lletres,41.373921824,2.164025015
2022,Prestecs_presencials,"Biblioteca Vapor Vell",164902,,,03,Sants-Montjuïc,18,Sants,"Ajuntament de Barcelona","Biblioteques de Barcelona","Biblioteques de Barcelona",Lletres,41.376897256,2.134733614
2022,Prestecs_presencials,"Biblioteca Clarà",44742,,,05,"Sarrià-Sant Gervasi",24,"les Tres Torres","Ajuntament de Barcelona","Biblioteques de Barcelona","Biblioteques de Barcelona",Lletres,41.399909399,2.129455802
2022,Prestecs_presencials,"Biblioteca Collserola - Josep Miracle",15673,,,05,"Sarrià-Sant Gervasi",22,"Vallvidrera, el Tibidabo i les Planes","Ajuntament de Barcelona","Biblioteques de Barcelona","Biblioteques de Barcelona",Lletres,41.415359022,2.102528700
2022,Prestecs_presencials,"Biblioteca Sant Gervasi - Joan Maragall",98660,,,05,"Sarrià-Sant Gervasi",25,"Sant Gervasi - la Bonanova","Ajuntament de Barcelona","Biblioteques de Barcelona","Biblioteques de Barcelona",Lletres,41.4059495,2.136064
2022,Prestecs_virtuals,"Biblioteca Barceloneta - La Fraternitat",2061,,,01,"Ciutat Vella",03,"la Barceloneta","Ajuntament de Barcelona","Biblioteques de Barcelona","Biblioteques de Barcelona",Lletres,41.379201005,2.188854072
2022,Prestecs_virtuals,"Biblioteca Francesca Bonnemaison",10250,,,01,"Ciutat Vella",04,"Sant Pere, Santa Caterina i la Ribera","Ajuntament de Barcelona","Biblioteques de Barcelona","Biblioteques de Barcelona",Lletres,41.386936575,2.175789976
2022,Prestecs_virtuals,"Biblioteca Gòtic - Andreu Nin",2111,,,01,"Ciutat Vella",02,"el Barri Gòtic","Ajuntament de Barcelona","Biblioteques de Barcelona","Biblioteques de Barcelona",Lletres,41.378730324,2.175978504
2022,Prestecs_virtuals,"Biblioteca Sant Pau - Santa Creu",16057,,,01,"Ciutat Vella",01,"el Raval","Ajuntament de Barcelona","Biblioteques de Barcelona","Biblioteques de Barcelona",Lletres,41.381057326,2.169793857
2022,Prestecs_virtuals,"Biblioteca Esquerra de l'Eixample - Agustí Centelles",15019,,,02,Eixample,09,"la Nova Esquerra de l'Eixample","Ajuntament de Barcelona","Biblioteques de Barcelona","Biblioteques de Barcelona",Lletres,41.3864488,2.1527896
2022,Prestecs_virtuals,"Biblioteca Fort Pienc",9476,,,02,Eixample,05,"el Fort Pienc","Ajuntament de Barcelona","Biblioteques de Barcelona","Biblioteques de Barcelona",Lletres,41.395555185,2.182447586
2022,Prestecs_virtuals,"Biblioteca Joan Miró",18623,,,02,Eixample,09,"la Nova Esquerra de l'Eixample","Ajuntament de Barcelona","Biblioteques de Barcelona","Biblioteques de Barcelona",Lletres,41.378816801,2.149230361
2022,Prestecs_virtuals,"Biblioteca Sagrada Família - J. M. Ainaud de Lasarte",16379,,,02,Eixample,06,"la Sagrada Família","Ajuntament de Barcelona","Biblioteques de Barcelona","Biblioteques de Barcelona",Lletres,41.4055771,2.176118
2022,Prestecs_virtuals,"Biblioteca Sant Antoni - Joan Oliver",7590,,,02,Eixample,10,"Sant Antoni","Ajuntament de Barcelona","Biblioteques de Barcelona","Biblioteques de Barcelona",Lletres,41.377384776,2.162778079
2022,Prestecs_virtuals,"Biblioteca Sofia Barat",11295,,,02,Eixample,07,"la Dreta de l'Eixample","Ajuntament de Barcelona","Biblioteques de Barcelona","Biblioteques de Barcelona",Lletres,41.394674294,2.171504480
2022,Prestecs_virtuals,"Biblioteca Jaume Fuster",30085,,,06,Gràcia,28,"Vallcarca i els Penitents","Ajuntament de Barcelona","Biblioteques de Barcelona","Biblioteques de Barcelona",Lletres,41.407459888,2.149757498
2022,Prestecs_virtuals,"Biblioteca Vallcarca i els Penitents - M. Antonieta Cot",1049,,,06,Gràcia,28,"Vallcarca i els Penitents","Ajuntament de Barcelona","Biblioteques de Barcelona","Biblioteques de Barcelona",Lletres,41.420008234,2.139657303
2022,Prestecs_virtuals,"Biblioteca Vila de Gràcia",26332,,,06,Gràcia,31,"la Vila de Gràcia","Ajuntament de Barcelona","Biblioteques de Barcelona","Biblioteques de Barcelona",Lletres,41.401467067,2.158213802
2022,Prestecs_virtuals,"Biblioteca El Carmel - Juan Marsé",3239,,,07,Horta-Guinardó,37,"el Carmel","Ajuntament de Barcelona","Biblioteques de Barcelona","Biblioteques de Barcelona",Lletres,41.421104560,2.155286623
2022,Prestecs_virtuals,"Biblioteca Guinardó - Mercè Rodoreda",21319,,,07,Horta-Guinardó,33,"el Baix Guinardó","Ajuntament de Barcelona","Biblioteques de Barcelona","Biblioteques de Barcelona",Lletres,41.414313258,2.165318095
2022,Prestecs_virtuals,"Biblioteca Horta - Can Mariner",6551,,,07,Horta-Guinardó,43,Horta,"Ajuntament de Barcelona","Biblioteques de Barcelona","Biblioteques de Barcelona",Lletres,41.431105502,2.160733590
2022,Prestecs_virtuals,"Biblioteca Montbau - Albert Pérez Baró",2911,,,07,Horta-Guinardó,40,Montbau,"Ajuntament de Barcelona","Biblioteques de Barcelona","Biblioteques de Barcelona",Lletres,41.429553532,2.142195427
2022,Prestecs_virtuals,"Biblioteca Les Corts - Miquel Llongueras",8264,,,04,"Les Corts",20,"la Maternitat i Sant Ramon","Ajuntament de Barcelona","Biblioteques de Barcelona","Biblioteques de Barcelona",Lletres,41.377777960,2.121760828
2022,Prestecs_virtuals,"Biblioteca Montserrat Abelló",18243,,"Biblioteca inaugurada el 26 de gener de 2018.",04,"Les Corts",19,"les Corts","Ajuntament de Barcelona","Biblioteques de Barcelona","Biblioteques de Barcelona",Lletres,41.383722,2.1352722
2022,Prestecs_virtuals,"Biblioteca Canyelles",322,,,08,"Nou Barris",49,Canyelles,"Ajuntament de Barcelona","Biblioteques de Barcelona","Biblioteques de Barcelona",Lletres,41.443773486,2.164322669
2022,Prestecs_virtuals,"Biblioteca Les Roquetes - Rafa Juncadella",1314,,,08,"Nou Barris",50,"les Roquetes","Ajuntament de Barcelona","Biblioteques de Barcelona","Biblioteques de Barcelona",Lletres,41.445371792,2.177103706
2022,Prestecs_virtuals,"Biblioteca Nou Barris",9995,,,08,"Nou Barris",48,"la Guineueta","Ajuntament de Barcelona","Biblioteques de Barcelona","Biblioteques de Barcelona",Lletres,41.436813681,2.171212448
2022,Prestecs_virtuals,"Biblioteca Vilapicina i la Torre Llobeta",4122,,,08,"Nou Barris",44,"Vilapicina i la Torre Llobeta","Ajuntament de Barcelona","Biblioteques de Barcelona","Biblioteques de Barcelona",Lletres,41.426885098,2.176452383
2022,Prestecs_virtuals,"Biblioteca Zona Nord",472,,,08,"Nou Barris",54,"Torre Baró","Ajuntament de Barcelona","Biblioteques de Barcelona","Biblioteques de Barcelona",Lletres,41.461237425,2.179875786
2022,Prestecs_virtuals,"Biblioteca Bon Pastor",488,,,09,"Sant Andreu",59,"el Bon Pastor","Ajuntament de Barcelona","Biblioteques de Barcelona","Biblioteques de Barcelona",Lletres,41.435164144,2.204659876
2022,Prestecs_virtuals,"Biblioteca Ignasi Iglésias - Can Fabra",16075,,,09,"Sant Andreu",60,"Sant Andreu","Ajuntament de Barcelona","Biblioteques de Barcelona","Biblioteques de Barcelona",Lletres,41.434481450,2.190871493
2022,Prestecs_virtuals,"Biblioteca La Sagrera - Marina Clotet",1292,,,09,"Sant Andreu",61,"la Sagrera","Ajuntament de Barcelona","Biblioteques de Barcelona","Biblioteques de Barcelona",Lletres,41.425875519,2.193764263
2022,Prestecs_virtuals,"Biblioteca Trinitat Vella - José Barbero",256,,,09,"Sant Andreu",57,"la Trinitat Vella","Ajuntament de Barcelona","Biblioteques de Barcelona","Biblioteques de Barcelona",Lletres,41.449283144,2.190748711
2022,Prestecs_virtuals,"Biblioteca Camp de l'Arpa - Caterina Albert",11577,,,10,"Sant Martí",64,"el Camp de l'Arpa del Clot","Ajuntament de Barcelona","Biblioteques de Barcelona","Biblioteques de Barcelona",Lletres,41.415766234,2.182280785
2022,Prestecs_virtuals,"Biblioteca El Clot - Josep Benet",4601,,,10,"Sant Martí",66,"el Parc i la Llacuna del Poblenou","Ajuntament de Barcelona","Biblioteques de Barcelona","Biblioteques de Barcelona",Lletres,41.4019532,2.188806
2022,Prestecs_virtuals,"Biblioteca Gabriel García Márquez",6577,,"Biblioteca inaugurada la primavera de 2022 en substitució de la Biblioteca Sant Martí de Provençals, tancada definitivament el desembre de 2021.",10,"Sant Martí",72,"Sant Martí de Provençals","Ajuntament de Barcelona","Biblioteques de Barcelona","Biblioteques de Barcelona",Lletres,41.417120,2.200328
2022,Prestecs_virtuals,"Biblioteca Poblenou - Manuel Arranz",8977,,,10,"Sant Martí",68,"el Poblenou","Ajuntament de Barcelona","Biblioteques de Barcelona","Biblioteques de Barcelona",Lletres,41.401373426,2.204525705
2022,Prestecs_virtuals,"Biblioteca Ramon d'Alòs-Moner",2117,,,10,"Sant Martí",70,"el Besòs i el Maresme","Ajuntament de Barcelona","Biblioteques de Barcelona","Biblioteques de Barcelona",Lletres,41.416309274,2.211483280
2022,Prestecs_virtuals,"Biblioteca Xavier Benguerel",10290,,,10,"Sant Martí",67,"la Vila Olímpica del Poblenou","Ajuntament de Barcelona","Biblioteques de Barcelona","Biblioteques de Barcelona",Lletres,41.392407385,2.197710107
2022,Prestecs_virtuals,"Biblioteca Francesc Candel",4486,,,03,Sants-Montjuïc,13,"la Marina de Port","Ajuntament de Barcelona","Biblioteques de Barcelona","Biblioteques de Barcelona",Lletres,41.361777512,2.136276613
2022,Prestecs_virtuals,"Biblioteca Poble Sec - Francesc Boix",5702,,,03,Sants-Montjuïc,11,"el Poble Sec","Ajuntament de Barcelona","Biblioteques de Barcelona","Biblioteques de Barcelona",Lletres,41.373921824,2.164025015
2022,Prestecs_virtuals,"Biblioteca Vapor Vell",21654,,,03,Sants-Montjuïc,18,Sants,"Ajuntament de Barcelona","Biblioteques de Barcelona","Biblioteques de Barcelona",Lletres,41.376897256,2.134733614
2022,Prestecs_virtuals,"Biblioteca Clarà",8197,,,05,"Sarrià-Sant Gervasi",24,"les Tres Torres","Ajuntament de Barcelona","Biblioteques de Barcelona","Biblioteques de Barcelona",Lletres,41.399909399,2.129455802
2022,Prestecs_virtuals,"Biblioteca Collserola - Josep Miracle",708,,,05,"Sarrià-Sant Gervasi",22,"Vallvidrera, el Tibidabo i les Planes","Ajuntament de Barcelona","Biblioteques de Barcelona","Biblioteques de Barcelona",Lletres,41.415359022,2.102528700
2022,Prestecs_virtuals,"Biblioteca Sant Gervasi - Joan Maragall",6549,,,05,"Sarrià-Sant Gervasi",25,"Sant Gervasi - la Bonanova","Ajuntament de Barcelona","Biblioteques de Barcelona","Biblioteques de Barcelona",Lletres,41.4059495,2.136064
2022,Usos_Ordinadors,"Biblioteca Barceloneta - La Fraternitat",2531,,,01,"Ciutat Vella",03,"la Barceloneta","Ajuntament de Barcelona","Biblioteques de Barcelona","Biblioteques de Barcelona",Lletres,41.379201005,2.188854072
2022,Usos_Ordinadors,"Biblioteca Francesca Bonnemaison",9364,,,01,"Ciutat Vella",04,"Sant Pere, Santa Caterina i la Ribera","Ajuntament de Barcelona","Biblioteques de Barcelona","Biblioteques de Barcelona",Lletres,41.386936575,2.175789976
2022,Usos_Ordinadors,"Biblioteca Gòtic - Andreu Nin",8096,,,01,"Ciutat Vella",02,"el Barri Gòtic","Ajuntament de Barcelona","Biblioteques de Barcelona","Biblioteques de Barcelona",Lletres,41.378730324,2.175978504
2022,Usos_Ordinadors,"Biblioteca Sant Pau - Santa Creu",10369,,,01,"Ciutat Vella",01,"el Raval","Ajuntament de Barcelona","Biblioteques de Barcelona","Biblioteques de Barcelona",Lletres,41.381057326,2.169793857
2022,Usos_Ordinadors,"Biblioteca Esquerra de l'Eixample - Agustí Centelles",19981,,,02,Eixample,09,"la Nova Esquerra de l'Eixample","Ajuntament de Barcelona","Biblioteques de Barcelona","Biblioteques de Barcelona",Lletres,41.3864488,2.1527896
2022,Usos_Ordinadors,"Biblioteca Fort Pienc",6615,,,02,Eixample,05,"el Fort Pienc","Ajuntament de Barcelona","Biblioteques de Barcelona","Biblioteques de Barcelona",Lletres,41.395555185,2.182447586
2022,Usos_Ordinadors,"Biblioteca Joan Miró",4427,,,02,Eixample,09,"la Nova Esquerra de l'Eixample","Ajuntament de Barcelona","Biblioteques de Barcelona","Biblioteques de Barcelona",Lletres,41.378816801,2.149230361
2022,Usos_Ordinadors,"Biblioteca Sagrada Família - J. M. Ainaud de Lasarte",6643,,,02,Eixample,06,"la Sagrada Família","Ajuntament de Barcelona","Biblioteques de Barcelona","Biblioteques de Barcelona",Lletres,41.4055771,2.176118
2022,Usos_Ordinadors,"Biblioteca Sant Antoni - Joan Oliver",9006,,,02,Eixample,10,"Sant Antoni","Ajuntament de Barcelona","Biblioteques de Barcelona","Biblioteques de Barcelona",Lletres,41.377384776,2.162778079
2022,Usos_Ordinadors,"Biblioteca Sofia Barat",1310,,,02,Eixample,07,"la Dreta de l'Eixample","Ajuntament de Barcelona","Biblioteques de Barcelona","Biblioteques de Barcelona",Lletres,41.394674294,2.171504480
2022,Usos_Ordinadors,"Biblioteca Jaume Fuster",28198,,,06,Gràcia,28,"Vallcarca i els Penitents","Ajuntament de Barcelona","Biblioteques de Barcelona","Biblioteques de Barcelona",Lletres,41.407459888,2.149757498
2022,Usos_Ordinadors,"Biblioteca Vallcarca i els Penitents - M. Antonieta Cot",2542,,,06,Gràcia,28,"Vallcarca i els Penitents","Ajuntament de Barcelona","Biblioteques de Barcelona","Biblioteques de Barcelona",Lletres,41.420008234,2.139657303
2022,Usos_Ordinadors,"Biblioteca Vila de Gràcia",6736,,,06,Gràcia,31,"la Vila de Gràcia","Ajuntament de Barcelona","Biblioteques de Barcelona","Biblioteques de Barcelona",Lletres,41.401467067,2.158213802
2022,Usos_Ordinadors,"Biblioteca El Carmel - Juan Marsé",5784,,,07,Horta-Guinardó,37,"el Carmel","Ajuntament de Barcelona","Biblioteques de Barcelona","Biblioteques de Barcelona",Lletres,41.421104560,2.155286623
2022,Usos_Ordinadors,"Biblioteca Guinardó - Mercè Rodoreda",11348,,,07,Horta-Guinardó,33,"el Baix Guinardó","Ajuntament de Barcelona","Biblioteques de Barcelona","Biblioteques de Barcelona",Lletres,41.414313258,2.165318095
2022,Usos_Ordinadors,"Biblioteca Horta - Can Mariner",5420,,,07,Horta-Guinardó,43,Horta,"Ajuntament de Barcelona","Biblioteques de Barcelona","Biblioteques de Barcelona",Lletres,41.431105502,2.160733590
2022,Usos_Ordinadors,"Biblioteca Montbau - Albert Pérez Baró",2080,,,07,Horta-Guinardó,40,Montbau,"Ajuntament de Barcelona","Biblioteques de Barcelona","Biblioteques de Barcelona",Lletres,41.429553532,2.142195427
2022,Usos_Ordinadors,"Biblioteca Les Corts - Miquel Llongueras",4221,,,04,"Les Corts",20,"la Maternitat i Sant Ramon","Ajuntament de Barcelona","Biblioteques de Barcelona","Biblioteques de Barcelona",Lletres,41.377777960,2.121760828
2022,Usos_Ordinadors,"Biblioteca Montserrat Abelló",18030,,"Biblioteca inaugurada el 26 de gener de 2018.",04,"Les Corts",19,"les Corts","Ajuntament de Barcelona","Biblioteques de Barcelona","Biblioteques de Barcelona",Lletres,41.383722,2.1352722
2022,Usos_Ordinadors,"Biblioteca Canyelles",323,,,08,"Nou Barris",49,Canyelles,"Ajuntament de Barcelona","Biblioteques de Barcelona","Biblioteques de Barcelona",Lletres,41.443773486,2.164322669
2022,Usos_Ordinadors,"Biblioteca Les Roquetes - Rafa Juncadella",5898,,,08,"Nou Barris",50,"les Roquetes","Ajuntament de Barcelona","Biblioteques de Barcelona","Biblioteques de Barcelona",Lletres,41.445371792,2.177103706
2022,Usos_Ordinadors,"Biblioteca Nou Barris",11696,,,08,"Nou Barris",48,"la Guineueta","Ajuntament de Barcelona","Biblioteques de Barcelona","Biblioteques de Barcelona",Lletres,41.436813681,2.171212448
2022,Usos_Ordinadors,"Biblioteca Vilapicina i la Torre Llobeta",6478,,,08,"Nou Barris",44,"Vilapicina i la Torre Llobeta","Ajuntament de Barcelona","Biblioteques de Barcelona","Biblioteques de Barcelona",Lletres,41.426885098,2.176452383
2022,Usos_Ordinadors,"Biblioteca Zona Nord",4647,,,08,"Nou Barris",54,"Torre Baró","Ajuntament de Barcelona","Biblioteques de Barcelona","Biblioteques de Barcelona",Lletres,41.461237425,2.179875786
2022,Usos_Ordinadors,"Biblioteca Bon Pastor",3139,,,09,"Sant Andreu",59,"el Bon Pastor","Ajuntament de Barcelona","Biblioteques de Barcelona","Biblioteques de Barcelona",Lletres,41.435164144,2.204659876
2022,Usos_Ordinadors,"Biblioteca Ignasi Iglésias - Can Fabra",39729,,,09,"Sant Andreu",60,"Sant Andreu","Ajuntament de Barcelona","Biblioteques de Barcelona","Biblioteques de Barcelona",Lletres,41.434481450,2.190871493
2022,Usos_Ordinadors,"Biblioteca La Sagrera - Marina Clotet",4667,,,09,"Sant Andreu",61,"la Sagrera","Ajuntament de Barcelona","Biblioteques de Barcelona","Biblioteques de Barcelona",Lletres,41.425875519,2.193764263
2022,Usos_Ordinadors,"Biblioteca Trinitat Vella - José Barbero",4531,,,09,"Sant Andreu",57,"la Trinitat Vella","Ajuntament de Barcelona","Biblioteques de Barcelona","Biblioteques de Barcelona",Lletres,41.449283144,2.190748711
2022,Usos_Ordinadors,"Biblioteca Camp de l'Arpa - Caterina Albert",10234,,,10,"Sant Martí",64,"el Camp de l'Arpa del Clot","Ajuntament de Barcelona","Biblioteques de Barcelona","Biblioteques de Barcelona",Lletres,41.415766234,2.182280785
2022,Usos_Ordinadors,"Biblioteca El Clot - Josep Benet",8864,,,10,"Sant Martí",66,"el Parc i la Llacuna del Poblenou","Ajuntament de Barcelona","Biblioteques de Barcelona","Biblioteques de Barcelona",Lletres,41.4019532,2.188806
2022,Usos_Ordinadors,"Biblioteca Gabriel García Márquez",6471,,"Biblioteca inaugurada la primavera de 2022 en substitució de la Biblioteca Sant Martí de Provençals, tancada definitivament el desembre de 2021.",10,"Sant Martí",72,"Sant Martí de Provençals","Ajuntament de Barcelona","Biblioteques de Barcelona","Biblioteques de Barcelona",Lletres,41.417120,2.200328
2022,Usos_Ordinadors,"Biblioteca Poblenou - Manuel Arranz",5882,,,10,"Sant Martí",68,"el Poblenou","Ajuntament de Barcelona","Biblioteques de Barcelona","Biblioteques de Barcelona",Lletres,41.401373426,2.204525705
2022,Usos_Ordinadors,"Biblioteca Ramon d'Alòs-Moner",2195,,,10,"Sant Martí",70,"el Besòs i el Maresme","Ajuntament de Barcelona","Biblioteques de Barcelona","Biblioteques de Barcelona",Lletres,41.416309274,2.211483280
2022,Usos_Ordinadors,"Biblioteca Xavier Benguerel",3256,,,10,"Sant Martí",67,"la Vila Olímpica del Poblenou","Ajuntament de Barcelona","Biblioteques de Barcelona","Biblioteques de Barcelona",Lletres,41.392407385,2.197710107
2022,Usos_Ordinadors,"Biblioteca Francesc Candel",6392,,,03,Sants-Montjuïc,13,"la Marina de Port","Ajuntament de Barcelona","Biblioteques de Barcelona","Biblioteques de Barcelona",Lletres,41.361777512,2.136276613
2022,Usos_Ordinadors,"Biblioteca Poble Sec - Francesc Boix",3354,,,03,Sants-Montjuïc,11,"el Poble Sec","Ajuntament de Barcelona","Biblioteques de Barcelona","Biblioteques de Barcelona",Lletres,41.373921824,2.164025015
2022,Usos_Ordinadors,"Biblioteca Vapor Vell",13631,,,03,Sants-Montjuïc,18,Sants,"Ajuntament de Barcelona","Biblioteques de Barcelona","Biblioteques de Barcelona",Lletres,41.376897256,2.134733614
2022,Usos_Ordinadors,"Biblioteca Clarà",1160,,,05,"Sarrià-Sant Gervasi",24,"les Tres Torres","Ajuntament de Barcelona","Biblioteques de Barcelona","Biblioteques de Barcelona",Lletres,41.399909399,2.129455802
2022,Usos_Ordinadors,"Biblioteca Collserola - Josep Miracle",232,,,05,"Sarrià-Sant Gervasi",22,"Vallvidrera, el Tibidabo i les Planes","Ajuntament de Barcelona","Biblioteques de Barcelona","Biblioteques de Barcelona",Lletres,41.415359022,2.102528700
2022,Usos_Ordinadors,"Biblioteca Sant Gervasi - Joan Maragall",7824,,,05,"Sarrià-Sant Gervasi",25,"Sant Gervasi - la Bonanova","Ajuntament de Barcelona","Biblioteques de Barcelona","Biblioteques de Barcelona",Lletres,41.4059495,2.136064
2022,Visites,"Biblioteca Barceloneta - La Fraternitat",36427,,,01,"Ciutat Vella",03,"la Barceloneta","Ajuntament de Barcelona","Biblioteques de Barcelona","Biblioteques de Barcelona",Lletres,41.379201005,2.188854072
2022,Visites,"Biblioteca Francesca Bonnemaison",135968,,,01,"Ciutat Vella",04,"Sant Pere, Santa Caterina i la Ribera","Ajuntament de Barcelona","Biblioteques de Barcelona","Biblioteques de Barcelona",Lletres,41.386936575,2.175789976
2022,Visites,"Biblioteca Gòtic - Andreu Nin",55849,,,01,"Ciutat Vella",02,"el Barri Gòtic","Ajuntament de Barcelona","Biblioteques de Barcelona","Biblioteques de Barcelona",Lletres,41.378730324,2.175978504
2022,Visites,"Biblioteca Sant Pau - Santa Creu",109357,,,01,"Ciutat Vella",01,"el Raval","Ajuntament de Barcelona","Biblioteques de Barcelona","Biblioteques de Barcelona",Lletres,41.381057326,2.169793857
2022,Visites,"Biblioteca Esquerra de l'Eixample - Agustí Centelles",271719,,,02,Eixample,09,"la Nova Esquerra de l'Eixample","Ajuntament de Barcelona","Biblioteques de Barcelona","Biblioteques de Barcelona",Lletres,41.3864488,2.1527896
2022,Visites,"Biblioteca Fort Pienc",100233,,,02,Eixample,05,"el Fort Pienc","Ajuntament de Barcelona","Biblioteques de Barcelona","Biblioteques de Barcelona",Lletres,41.395555185,2.182447586
2022,Visites,"Biblioteca Joan Miró",162696,,,02,Eixample,09,"la Nova Esquerra de l'Eixample","Ajuntament de Barcelona","Biblioteques de Barcelona","Biblioteques de Barcelona",Lletres,41.378816801,2.149230361
2022,Visites,"Biblioteca Sagrada Família - J. M. Ainaud de Lasarte",79479,,,02,Eixample,06,"la Sagrada Família","Ajuntament de Barcelona","Biblioteques de Barcelona","Biblioteques de Barcelona",Lletres,41.4055771,2.176118
2022,Visites,"Biblioteca Sant Antoni - Joan Oliver",148868,,,02,Eixample,10,"Sant Antoni","Ajuntament de Barcelona","Biblioteques de Barcelona","Biblioteques de Barcelona",Lletres,41.377384776,2.162778079
2022,Visites,"Biblioteca Sofia Barat",42965,,,02,Eixample,07,"la Dreta de l'Eixample","Ajuntament de Barcelona","Biblioteques de Barcelona","Biblioteques de Barcelona",Lletres,41.394674294,2.171504480
2022,Visites,"Biblioteca Jaume Fuster",388614,,,06,Gràcia,28,"Vallcarca i els Penitents","Ajuntament de Barcelona","Biblioteques de Barcelona","Biblioteques de Barcelona",Lletres,41.407459888,2.149757498
2022,Visites,"Biblioteca Vallcarca i els Penitents - M. Antonieta Cot",44559,,,06,Gràcia,28,"Vallcarca i els Penitents","Ajuntament de Barcelona","Biblioteques de Barcelona","Biblioteques de Barcelona",Lletres,41.420008234,2.139657303
2022,Visites,"Biblioteca Vila de Gràcia",246383,,,06,Gràcia,31,"la Vila de Gràcia","Ajuntament de Barcelona","Biblioteques de Barcelona","Biblioteques de Barcelona",Lletres,41.401467067,2.158213802
2022,Visites,"Biblioteca El Carmel - Juan Marsé",86868,,,07,Horta-Guinardó,37,"el Carmel","Ajuntament de Barcelona","Biblioteques de Barcelona","Biblioteques de Barcelona",Lletres,41.421104560,2.155286623
2022,Visites,"Biblioteca Guinardó - Mercè Rodoreda",183962,,,07,Horta-Guinardó,33,"el Baix Guinardó","Ajuntament de Barcelona","Biblioteques de Barcelona","Biblioteques de Barcelona",Lletres,41.414313258,2.165318095
2022,Visites,"Biblioteca Horta - Can Mariner",94756,,,07,Horta-Guinardó,43,Horta,"Ajuntament de Barcelona","Biblioteques de Barcelona","Biblioteques de Barcelona",Lletres,41.431105502,2.160733590
2022,Visites,"Biblioteca Montbau - Albert Pérez Baró",48582,,,07,Horta-Guinardó,40,Montbau,"Ajuntament de Barcelona","Biblioteques de Barcelona","Biblioteques de Barcelona",Lletres,41.429553532,2.142195427
2022,Visites,"Biblioteca Les Corts - Miquel Llongueras",70867,,,04,"Les Corts",20,"la Maternitat i Sant Ramon","Ajuntament de Barcelona","Biblioteques de Barcelona","Biblioteques de Barcelona",Lletres,41.377777960,2.121760828
2022,Visites,"Biblioteca Montserrat Abelló",298212,,"Biblioteca inaugurada el 26 de gener de 2018.",04,"Les Corts",19,"les Corts","Ajuntament de Barcelona","Biblioteques de Barcelona","Biblioteques de Barcelona",Lletres,41.383722,2.1352722
2022,Visites,"Biblioteca Canyelles",13895,,,08,"Nou Barris",49,Canyelles,"Ajuntament de Barcelona","Biblioteques de Barcelona","Biblioteques de Barcelona",Lletres,41.443773486,2.164322669
2022,Visites,"Biblioteca Les Roquetes - Rafa Juncadella",93760,,,08,"Nou Barris",50,"les Roquetes","Ajuntament de Barcelona","Biblioteques de Barcelona","Biblioteques de Barcelona",Lletres,41.445371792,2.177103706
2022,Visites,"Biblioteca Nou Barris",191288,,,08,"Nou Barris",48,"la Guineueta","Ajuntament de Barcelona","Biblioteques de Barcelona","Biblioteques de Barcelona",Lletres,41.436813681,2.171212448
2022,Visites,"Biblioteca Vilapicina i la Torre Llobeta",129543,,,08,"Nou Barris",44,"Vilapicina i la Torre Llobeta","Ajuntament de Barcelona","Biblioteques de Barcelona","Biblioteques de Barcelona",Lletres,41.426885098,2.176452383
2022,Visites,"Biblioteca Zona Nord",34522,,,08,"Nou Barris",54,"Torre Baró","Ajuntament de Barcelona","Biblioteques de Barcelona","Biblioteques de Barcelona",Lletres,41.461237425,2.179875786
2022,Visites,"Biblioteca Bon Pastor",48889,,,09,"Sant Andreu",59,"el Bon Pastor","Ajuntament de Barcelona","Biblioteques de Barcelona","Biblioteques de Barcelona",Lletres,41.435164144,2.204659876
2022,Visites,"Biblioteca Ignasi Iglésias - Can Fabra",371521,,,09,"Sant Andreu",60,"Sant Andreu","Ajuntament de Barcelona","Biblioteques de Barcelona","Biblioteques de Barcelona",Lletres,41.434481450,2.190871493
2022,Visites,"Biblioteca La Sagrera - Marina Clotet",56294,,,09,"Sant Andreu",61,"la Sagrera","Ajuntament de Barcelona","Biblioteques de Barcelona","Biblioteques de Barcelona",Lletres,41.425875519,2.193764263
2022,Visites,"Biblioteca Trinitat Vella - José Barbero",35823,,,09,"Sant Andreu",57,"la Trinitat Vella","Ajuntament de Barcelona","Biblioteques de Barcelona","Biblioteques de Barcelona",Lletres,41.449283144,2.190748711
2022,Visites,"Biblioteca Camp de l'Arpa - Caterina Albert",136754,,,10,"Sant Martí",64,"el Camp de l'Arpa del Clot","Ajuntament de Barcelona","Biblioteques de Barcelona","Biblioteques de Barcelona",Lletres,41.415766234,2.182280785
2022,Visites,"Biblioteca El Clot - Josep Benet",132566,,,10,"Sant Martí",66,"el Parc i la Llacuna del Poblenou","Ajuntament de Barcelona","Biblioteques de Barcelona","Biblioteques de Barcelona",Lletres,41.4019532,2.188806
2022,Visites,"Biblioteca Gabriel García Márquez",157362,,"Biblioteca inaugurada la primavera de 2022 en substitució de la Biblioteca Sant Martí de Provençals, tancada definitivament el desembre de 2021.",10,"Sant Martí",72,"Sant Martí de Provençals","Ajuntament de Barcelona","Biblioteques de Barcelona","Biblioteques de Barcelona",Lletres,41.417120,2.200328
2022,Visites,"Biblioteca Poblenou - Manuel Arranz",138706,,,10,"Sant Martí",68,"el Poblenou","Ajuntament de Barcelona","Biblioteques de Barcelona","Biblioteques de Barcelona",Lletres,41.401373426,2.204525705
2022,Visites,"Biblioteca Ramon d'Alòs-Moner",23855,,,10,"Sant Martí",70,"el Besòs i el Maresme","Ajuntament de Barcelona","Biblioteques de Barcelona","Biblioteques de Barcelona",Lletres,41.416309274,2.211483280
2022,Visites,"Biblioteca Xavier Benguerel",61798,,,10,"Sant Martí",67,"la Vila Olímpica del Poblenou","Ajuntament de Barcelona","Biblioteques de Barcelona","Biblioteques de Barcelona",Lletres,41.392407385,2.197710107
2022,Visites,"Biblioteca Francesc Candel",96925,,,03,Sants-Montjuïc,13,"la Marina de Port","Ajuntament de Barcelona","Biblioteques de Barcelona","Biblioteques de Barcelona",Lletres,41.361777512,2.136276613
2022,Visites,"Biblioteca Poble Sec - Francesc Boix",49508,,,03,Sants-Montjuïc,11,"el Poble Sec","Ajuntament de Barcelona","Biblioteques de Barcelona","Biblioteques de Barcelona",Lletres,41.373921824,2.164025015
2022,Visites,"Biblioteca Vapor Vell",172510,,,03,Sants-Montjuïc,18,Sants,"Ajuntament de Barcelona","Biblioteques de Barcelona","Biblioteques de Barcelona",Lletres,41.376897256,2.134733614
2022,Visites,"Biblioteca Clarà",54173,,,05,"Sarrià-Sant Gervasi",24,"les Tres Torres","Ajuntament de Barcelona","Biblioteques de Barcelona","Biblioteques de Barcelona",Lletres,41.399909399,2.129455802
2022,Visites,"Biblioteca Collserola - Josep Miracle",12213,,,05,"Sarrià-Sant Gervasi",22,"Vallvidrera, el Tibidabo i les Planes","Ajuntament de Barcelona","Biblioteques de Barcelona","Biblioteques de Barcelona",Lletres,41.415359022,2.102528700
2022,Visites,"Biblioteca Sant Gervasi - Joan Maragall",164433,,,05,"Sarrià-Sant Gervasi",25,"Sant Gervasi - la Bonanova","Ajuntament de Barcelona","Biblioteques de Barcelona","Biblioteques de Barcelona",Lletres,41.4059495,2.136064
